timestamp,SY,AY,SO,AO,RA,RS,ARe,SRe,sum
1.0,1.0,0.0,0.0,0.0,0.0,0.0,0.0,0.0,1.0
2.0,0.5543483605478688,0.4412752228294323,0.001386178932585329,0.0011017489134453214,1.079483617416564E-4,0.001780153189718819,1.7120209069360845E-7,2.1602311690257602E-7,0.9999999999999999
3.0,0.39147318292037026,0.6022312799073034,0.0019584880234757894,0.003006877455801644,2.753931888590643E-5,0.00130183228964143,4.847817532291059E-7,3.1530276852756013E-7,1.0
4.0,0.3313084276682364,0.6601466780491085,0.002486718912558472,0.004944640201877141,5.745382608354863E-5,0.0010548701253125794,8.05820894836583E-7,4.0539592831555743E-7,0.9999999999999998
5.0,0.30898681133246503,0.6801054908747459,0.0030906411860516098,0.00679475042853645,2.779934397422739E-4,7.426923797237957E-4,1.1114830653027786E-6,5.088756694761178E-7,0.9999999999999998
6.0,0.3011347022773036,0.6855916374234517,0.003754500485559697,0.008572806514442442,0.0011178360253667084,-1.7351026079958417E-4,1.3984691177125283E-6,6.290655574880766E-7,0.9999999999999998
7.0,0.2963828508937057,0.6878714347850506,0.0044511037788313185,0.010306005203771534,8.58296374914071E-5,9.003431210705007E-4,1.6983821681548827E-6,7.341979104658357E-7,0.9999999999999997
8.0,0.29447886029031717,0.6873586134710614,0.005161801402672825,0.012013004671686875,-1.1880449682669168E-5,9.967649526169413E-4,1.9839999816011255E-6,8.516613453286714E-7,0.9999999999999996
9.0,0.29347717095838577,0.6859635543050555,0.005877121275316368,0.013703333007198885,9.604083202737791E-5,8.795428834731878E-4,2.264625289779395E-6,9.721132525768593E-7,0.9999999999999993
10.0,0.2925105872924555,0.6845338961538409,0.006592542814095616,0.015381570297217439,-4.391883747802009E-6,9.821595135550728E-4,2.5455234623616744E-6,1.0902891203908361E-6,0.9999999999999994
11.0,0.2918202508727165,0.6828483137699138,0.007305928622002111,0.01704990930009836,6.717700476791574E-5,9.04387530017089E-4,2.82287736983728E-6,1.2100231138613863E-6,0.9999999999999993
12.0,0.29112186829269593,0.6811803314343329,0.00801642191206035,0.018709267478035894,9.561181903577844E-5,8.720710558820688E-4,3.0992092966873073E-6,1.3287986601420967E-6,0.9999999999999996
13.0,0.29030439814667497,0.6796366776999664,0.008723667148750646,0.020360060047753765,-4.413790175137873E-6,9.747896038218686E-4,3.375552020605215E-6,1.4455911870253704E-6,1.0000000000000002
14.0,0.28967389378422104,0.677926427834241,0.009427467783136335,0.022002540026335046,6.580149687610926E-5,8.986567534399114E-4,3.6485977970379234E-6,1.5637239535665157E-6,0.9999999999999999
15.0,0.28901951849026225,0.6762503282222924,0.010127809278252091,0.023636782099276773,1.0838710247537686E-4,8.515732578687489E-4,3.920577352970849E-6,1.6809722191800451E-6,0.9999999999999999
16.0,0.2881579677578067,0.6747828284800279,0.010824712300118996,0.025262825279589955,-5.006133948078214E-5,0.0010157386888567453,4.193476296958378E-6,1.7953567833353607E-6,0.9999999999999999
17.0,0.28770853581118044,0.6729345045610725,0.011518080376984837,0.026880819394649973,1.8013668104630725E-4,7.715489818511615E-4,4.460599452413736E-6,1.9135937620458433E-6,0.9999999999999997
18.0,0.2866462526062723,0.6716807787343944,0.012208096740771316,0.028490646664476905,-1.7618745791052413E-4,0.0011436550910257448,4.733083618552041E-6,2.0245373510952475E-6,0.9999999999999998
19.0,0.2861518768977597,0.6698978600912169,0.012894580700028852,0.03009253633663164,4.594835978387877E-6,9.514119909934868E-4,4.998076806958291E-6,2.1410705837672567E-6,0.9999999999999997
20.0,0.28554848621668677,0.6682299255732632,0.013577661185150478,0.031686421739593004,7.838581024503105E-5,8.716007053589623E-4,5.262955561450913E-6,2.25581414083893E-6,0.9999999999999997
21.0,0.28479536601412764,0.6667156678811835,0.014257361751795733,0.03327233650105291,6.46597577621318E-6,9.449053794166158E-4,5.52819941683089E-6,2.3682972304203013E-6,0.9999999999999999
22.0,0.2841868811299472,0.6650748821735604,0.014933650361142563,0.03485036703650236,6.89596987286619E-5,8.76987257105738E-4,5.790560519601926E-6,2.4817824931902525E-6,0.9999999999999998
23.0,0.28351159094633044,0.663508742684716,0.015606578993781841,0.03642051926869482,6.468546265487262E-5,8.792363294780322E-4,6.052388705676123E-6,2.5939256379904526E-6,0.9999999999999998
24.0,0.2828921006033753,0.6619005100181071,0.01627614406938778,0.03798285188515819,1.1032569748048058E-4,8.290493042801921E-4,6.312327433846029E-6,2.70609477679672E-6,0.9999999999999997
25.0,0.2820497153401182,0.6605153651941856,0.016942408609710167,0.039537359713860375,-5.9298424393957206E-5,0.0010050608956768167,6.573489926850723E-6,2.815180915574068E-6,0.9999999999999997
26.0,0.28163445831021977,0.6587346216339898,0.017605281250141484,0.04108418469779632,1.7436503082715864E-4,7.573319957199774E-4,6.82862766692399E-6,2.9284536382066334E-6,0.9999999999999994
27.0,0.280614988771779,0.6575397597752133,0.01826494990371665,0.04262320188668569,-1.700509451684081E-4,0.0011170269637214257,7.089279693689025E-6,3.0343643584900685E-6,0.9999999999999998
28.0,0.2802047933922741,0.655775841089082,0.0189212294227207,0.04415464221192654,6.217483799635993E-5,8.708306556989959E-4,7.341859679730242E-6,3.146530621530021E-6,1.0
29.0,0.27963535213963175,0.6541742180942578,0.019574263888556077,0.04567842202680298,1.3976489333738075E-4,7.871276422222045E-4,7.594985118307906E-6,3.2563300739386707E-6,1.0000000000000004
30.0,0.27874015137625774,0.6528933095353215,0.020224097277438617,0.0471945529841429,-9.571307472826013E-5,0.0010323894768041126,7.850555086218909E-6,3.3618696776264833E-6,1.0000000000000004
31.0,0.2784644919715491,0.6510334121420078,0.02087058875597704,0.04870322290316419,2.552670495482496E-4,6.614454325322115E-4,8.097905214681384E-6,3.4738400072714225E-6,1.0000000000000007
32.0,0.2775998695251705,0.6497446156872762,0.021513955265300914,0.05020427777731139,4.275584103982069E-5,8.825966403300204E-4,8.350694349213712E-6,3.578569222877101E-6,1.0000000000000009
33.0,0.2770916985134555,0.6481271093101685,0.02215405579174883,0.05169790506709486,1.6638737732992625E-4,7.505589342708388E-4,8.598245398589874E-6,3.686760533910905E-6,1.0000000000000007
34.0,0.27628913049320203,0.6468002579155309,0.022791014461139476,0.05318403884659648,6.855325599792409E-6,9.160639885749506E-4,8.847912270316365E-6,3.7910570870995085E-6,1.0000000000000009
35.0,0.27571248394386694,0.6452688182448684,0.023424760729840354,0.054662798774565195,5.928915252114428E-5,8.58857982190738E-4,9.093828044712192E-6,3.8973441034458616E-6,1.0000000000000009
36.0,0.27521179998184897,0.6436754553398771,0.024055335341705814,0.05613419800515887,1.8100896766606075E-4,7.288607433673848E-4,9.337687298025066E-6,4.003933078541862E-6,1.0000000000000009
37.0,0.2742063968352958,0.6425727567342548,0.02468285052642178,0.05759818118703611,-1.8052400915952648E-4,0.0011066484139115726,9.586087868890935E-6,4.104224371342355E-6,1.0000000000000009
38.0,0.2737485944305012,0.6409591701429496,0.025307147111416795,0.05905495181259712,-2.3949046919685582E-5,9.400482738753283E-4,9.8270913734214E-6,4.21018420706414E-6,1.0000000000000007
39.0,0.2732854426670177,0.6393608911723273,0.025928332562108285,0.06050445856372055,1.24583290232772E-4,7.81909235582016E-4,1.0066973719783318E-5,4.315535292213522E-6,1.0000000000000004
40.0,0.27243945079397774,0.6381371296928892,0.026546485113552072,0.06194667777224977,-9.411751327873105E-5,0.0010096481263144994,1.0310048140163887E-5,4.4159661558544325E-6,1.0000000000000004
41.0,0.27218867563686855,0.6363570109403438,0.027161457698803647,0.06338180060667978,2.506432810697322E-4,6.453440184407862E-4,1.0545171906952113E-5,4.522645887220489E-6,1.0000000000000002
42.0,0.2713295133878677,0.6351659633410435,0.02777346565754879,0.06480967200052776,1.3578580203053663E-5,8.923991266461786E-4,1.0786078226094413E-5,4.621827937405711E-6,1.0000000000000004
43.0,0.27071037284339117,0.6337564996453564,0.028382383310361168,0.06623046219915175,2.0150617526390946E-6,9.0252063666426E-4,1.1023093739732337E-5,4.723209583590653E-6,1.0000000000000007
44.0,0.2701856997386813,0.6322670950225499,0.02898825004888892,0.06764418360749638,7.74634869920109E-5,8.212250803115138E-4,1.1257882962184498E-5,4.825132118535095E-6,1.0000000000000007
45.0,0.2695021874122589,0.630938773662348,0.029591123092056835,0.06905083136185626,-1.0983722059795201E-6,9.017647984450974E-4,1.1493348002283115E-5,4.924697239442515E-6,1.0000000000000009
46.0,0.268997535294777,0.629450095030858,0.030190961387503924,0.07045049416794104,8.768516975558676E-5,8.064775408504099E-4,1.1725631445821475E-5,5.025776868899646E-6,1.0000000000000007
47.0,0.26832064632133024,0.6281351516790256,0.03078783825155781,0.07184315129926275,9.738264207413401E-6,8.863910783726045E-4,1.1958757504717784E-5,5.1243487395729256E-6,1.0000000000000007
48.0,0.2677517664842977,0.6267271824366659,0.03138172202801136,0.07322888199875535,3.1746041582580834E-5,8.612878582769058E-4,1.2189522996767602E-5,5.223629414324267E-6,1.0000000000000009
49.0,0.2669086599851252,0.6255899153124092,0.03197269105789619,0.07460766025294036,-2.0999787632089117E-4,0.0011133297198398766,1.2422310971779229E-5,5.3192371390142505E-6,1.0000000000000007
50.0,0.26672668598162913,0.6238331134646325,0.03256060468948552,0.07597966887288049,1.745712456010781E-4,7.072874272207333E-4,1.2646416886484227E-5,5.421901664877757E-6,1.0000000000000009
51.0,0.2657751322430418,0.6228183483428646,0.033145715320972303,0.07734471519129768,-1.759417593575601E-4,0.001073637215296345,1.2878225195837031E-5,5.515220689705153E-6,1.0000000000000007
52.0,0.2654122587829622,0.6212529056419444,0.03372781188873218,0.07870304875727147,3.094340685221215E-5,8.543145593104282E-4,1.3102193932409939E-5,5.614768995483316E-6,1.0000000000000007
53.0,0.26458924100944153,0.620134911934479,0.034307083194151176,0.0800545371377255,-2.0277940805517167E-4,0.0010979672735662346,1.333033585117044E-5,5.708522841383457E-6,1.0000000000000009
54.0,0.26494447024175705,0.6179050503084509,0.03488327148437252,0.08139947397703465,6.819318022295157E-4,1.6644301515033287E-4,1.354391228559587E-5,5.815258720395378E-6,1.0000000000000009
55.0,0.2638923410369858,0.61702401377915,0.03545682075279469,0.08273748274021318,2.247309927282996E-4,6.4493283726495E-4,1.3772487909048805E-5,5.905372954789045E-6,1.0000000000000007
56.0,0.2629784761693535,0.6160207744334218,0.036027488516200246,0.08406884202087106,-1.036148621054592E-4,9.880387579333256E-4,1.3998407812965422E-5,5.996556513123514E-6,1.0000000000000007
57.0,0.26279293661112874,0.614333719992215,0.036595190986858414,0.08539367867460583,2.583864088907856E-4,6.057768262605944E-4,1.4214924288847526E-5,6.095575752425254E-6,1.0000000000000007
58.0,0.2620532843297237,0.6131833098858216,0.037160155422282765,0.08671182237510827,9.043102813638594E-5,7.803725063506618E-4,1.443671093395166E-5,6.187741643120059E-6,1.0000000000000007
59.0,0.26139250897752575,0.6119670767507199,0.0377222907603869,0.08802340645652386,-5.139740691696378E-6,8.789199542518591E-4,1.4656533448015707E-5,6.280307835640977E-6,1.0000000000000002
60.0,0.2609395576052271,0.610562254613509,0.03828158961557808,0.08932848413751324,9.438833262557188E-5,7.724780192384442E-4,1.487291635229241E-5,6.374759956494641E-6,1.0000000000000002
61.0,0.2602639074405774,0.6093785293957538,0.03883813748835807,0.09062701973019578,-2.063992531972853E-5,8.914889128445877E-4,1.5090799370269115E-5,6.466158220089508E-6,1.0000000000000002
62.0,0.2598437417982499,0.607960764786616,0.039391868827787495,0.09191912152326089,1.0480898524987806E-4,7.5782937728844E-4,1.5304704873217724E-5,6.559996674287657E-6,1.0
63.0,0.25912515821616394,0.6068360685484695,0.03994288949500539,0.09320473393406357,-5.632347402344056E-5,9.253023745234255E-4,1.5520991490440823E-5,6.649914307456508E-6,1.0000000000000004
64.0,0.25882261645110116,0.6053244387459624,0.040491094543424186,0.09448400240685827,1.7582738069955948E-4,6.795448809753767E-4,1.5731466479836515E-5,6.744124499409801E-6,1.0
65.0,0.25790473053466934,0.6044074082601408,0.04103666903066145,0.09575679529945681,-1.8015153279613743E-4,0.0010517696619157415,1.5947973198623053E-5,6.830772753662096E-6,1.0000000000000004
66.0,0.25755574973637807,0.6029578733698284,0.04157942981758693,0.09702333225476817,2.6374537717871764E-6,8.578969678479299E-4,1.6156921631885778E-5,6.923478187365294E-6,1.0000000000000007
67.0,0.2570821646040339,0.6016358077652678,0.04211950568734334,0.0982835349067908,6.429104951138226E-5,7.913154395457133E-4,1.6366278430299513E-5,7.014269077351408E-6,1.0000000000000004
68.0,0.2565497045521758,0.6003786119823364,0.04265689920771494,0.09953744516238038,6.73675603195227E-5,7.8629233736334E-4,1.6575294964013734E-5,7.103902746099621E-6,1.0000000000000007
69.0,0.25598870177086164,0.5991573745841463,0.04319161876049826,0.10078509915673291,4.0742631144655606E-5,8.124867381784188E-4,1.678362797646552E-5,7.19273046191327E-6,1.0000000000000007
70.0,0.25605895803528195,0.5973441133847748,0.04372356807401009,0.10202663271544633,6.122701948196342E-4,2.1018554655718395E-4,1.698370495958169E-5,7.288344150942262E-6,1.0000000000000004
71.0,0.25517476571666936,0.5964479147131572,0.044253023902074855,0.10326182532567398,2.730662203517657E-4,5.64837873788139E-4,1.7193740817392334E-5,7.372507467677127E-6,1.0000000000000004
72.0,0.2543345125723712,0.5955185619774118,0.044779833584017624,0.10449086620958024,-2.6830466177108294E-5,8.781971413346494E-4,1.7402279185100437E-5,7.456702276529079E-6,1.0
73.0,0.25396835926985295,0.5941466248244786,0.045303938804354744,0.10571385430321813,1.2191650058759288E-4,7.201560337347836E-4,1.7604371715576433E-5,7.545892057448692E-6,0.9999999999999998
74.0,0.253218371934459,0.5931485624421016,0.045825495199323794,0.10693068407180632,-9.705641566840561E-5,9.485026810789694E-4,1.7809901760337675E-5,7.630185138175694E-6,0.9999999999999997
75.0,0.25306379167922016,0.5915923808906873,0.04634435309270546,0.10814154124124292,2.4807028023138365E-4,5.841343400321444E-4,1.8007587838084493E-5,7.720888042179342E-6,0.9999999999999998
76.0,0.2523017563217888,0.5906228106666425,0.04686072530048657,0.10934626526030333,1.2712774638725245E-5,8.297142600851768E-4,1.8211298415207488E-5,7.804117639291099E-6,0.9999999999999997
77.0,0.2517529858004074,0.5894587240575829,0.04737448835524304,0.11054501640788637,-2.2152044689560647E-5,8.646364940600599E-4,1.841157922010305E-5,7.889350289414977E-6,0.9999999999999998
78.0,0.2513765435059963,0.5881390386202543,0.0478856618897646,0.11173781813674889,1.0453433597548895E-4,7.298184886268634E-4,1.8608907021086563E-5,7.976115612195735E-6,0.9999999999999997
79.0,0.2506961826060639,0.5871169601559476,0.04839433779980089,0.11292462470137583,-6.039363256574648E-5,9.01420675512702E-4,1.8808775242030422E-5,8.058918622381381E-6,0.9999999999999997
80.0,0.25043728227938483,0.585702098104737,0.048900408266915635,0.11410558080981058,1.733182564550124E-4,6.541633192453365E-4,1.9002828997159847E-5,8.146134454114161E-6,0.9999999999999996
81.0,0.24956422064877454,0.5848800201488048,0.049404058000213066,0.11528055169201844,-1.7977484881068337E-4,0.00102349553940712,1.9203007987428568E-5,8.22581160524118E-6,1.0
82.0,0.24927052140836098,0.5835147994643193,0.04990510127254982,0.11644975601831695,1.6048954938030133E-5,8.160655905372673E-4,1.939556242554195E-5,8.311728551891203E-6,0.9999999999999998
83.0,0.2486734602698843,0.582446490353515,0.05040369726332802,0.11761308297789798,-7.916400116951094E-5,9.144487680295252E-4,1.9590669756060335E-5,8.393698758046439E-6,0.9999999999999994
84.0,0.2483956702569522,0.5810824873755117,0.050899754973973456,0.11877066039435952,1.2707107069817852E-4,6.960958580608462E-4,1.9781159430061488E-5,8.478911013344128E-6,0.9999999999999993
85.0,0.2476622434278686,0.5801602356080708,0.05139341554569892,0.11992239426824443,-1.0260584239193352E-4,9.357826029436724E-4,1.9975966076119554E-5,8.558423488628595E-6,0.9999999999999993
86.0,0.24754687920559976,0.5786578467104551,0.05188451291125835,0.12106848368232817,2.5350688594082257E-4,5.599632521669476E-4,2.0162721275484642E-5,8.644630974747785E-6,0.9999999999999992
87.0,0.24685891730786805,0.577708440814401,0.05237325716601354,0.1222087684028454,6.243563227857158E-5,7.591017329203933E-4,2.035515047472717E-5,8.72379319782412E-6,0.9999999999999996
88.0,0.24638152121137014,0.576566635240884,0.052859530392738927,0.12334340114154152,6.941938421125779E-5,7.501434443995969E-4,2.0544233362624823E-5,8.804951491182724E-6,0.9999999999999992
89.0,0.2458437359710352,0.5754902599913978,0.053343389755462114,0.12447236726371312,1.6639647984948835E-5,8.039892927870835E-4,2.0733096903397774E-5,8.88498071539033E-6,0.9999999999999992
90.0,0.24524013402528502,0.5744844408455293,0.053824848240206155,0.1255956941113439,-1.0105676506312291E-4,9.260539141118292E-4,2.0921808189117312E-5,8.963820396699482E-6,0.9999999999999989
91.0,0.2451325786962496,0.5730144087527282,0.05430382451719173,0.12671349886958358,2.509884804403669E-4,5.545488291524956E-4,2.1103897247055358E-5,9.047957405818136E-6,0.999999999999999
92.0,0.24443922056606998,0.5721097287153518,0.054780510300077884,0.12782563785770196,4.334159188922927E-5,7.711442261056755E-4,2.1291835056357287E-5,9.124907746156513E-6,0.9999999999999991
93.0,0.24421320855261897,0.5707680718553911,0.055254742512239455,0.128932305909539,2.7814874466203346E-4,5.228421067509729E-4,2.1473490407263114E-5,9.206828390374688E-6,0.9999999999999992
94.0,0.24255487754404956,0.5707973249519733,0.055726848628672526,0.1300332293445912,-8.522250548401479E-4,0.0017090020308657156,2.1670758275085003E-5,9.271796411979528E-6,0.9999999999999992
95.0,0.2429946329886532,0.5688375357251367,0.05619625385740664,0.13112899566319078,1.1625650934506842E-5,7.997525934737024E-4,2.1842960737325546E-5,9.360560466182603E-6,0.9999999999999992
96.0,0.2424884468583444,0.5677856901899851,0.05666347569188114,0.13221914939085075,-2.6864760811063162E-5,8.386394602223367E-4,2.2025179974361294E-5,9.437989551837703E-6,0.999999999999999
97.0,0.24217383867965636,0.5665591640951829,0.057128336801642095,0.13330389819437255,1.1473339822354908E-4,6.883073041005989E-4,2.2204312220203277E-5,9.517214600688367E-6,0.9999999999999991
98.0,0.24149739633977652,0.5656846058204109,0.05759094074687957,0.13438318138894156,-9.01739483737268E-5,9.020710628833231E-4,2.2386739020216132E-5,9.59185046026255E-6,0.9999999999999986
99.0,0.24120624841773272,0.5644509295150045,0.05805117494465886,0.13545714444662152,6.936218302912257E-5,7.329061154430052E-4,2.2563855343986476E-5,9.670522165051641E-6,0.9999999999999987
100.0,0.24068958621278722,0.5634394087049278,0.058509152376151445,0.13652571730882845,1.2131282203587399E-5,7.915152289083011E-4,2.2742704039100707E-5,9.746182152723524E-6,0.9999999999999987
101.0,0.24018241458662873,0.5624263499348578,0.058964845433033666,0.13758896394631095,-3.823446257782083E-5,8.429184355864432E-4,2.2920581407978623E-5,9.821544750843028E-6,0.9999999999999987
102.0,0.23992452972755796,0.5611834999948706,0.059418225653878894,0.1386469489567354,1.464563198196253E-4,6.473452390406307E-4,2.3094728573336047E-5,9.899379522087615E-6,0.9999999999999984
103.0,0.23924350752815507,0.5603507728214565,0.059869416086208126,0.13969959210882035,-7.363782844288774E-5,8.771044577301195E-4,2.3272898165365134E-5,9.971927906285049E-6,0.9999999999999989
104.0,0.23903219091541114,0.5590784060520975,0.060318279651481926,0.14074706132243123,1.510878192477359E-4,6.394799367474956E-4,2.344480622301193E-5,1.0049496359117785E-5,0.9999999999999991
105.0,0.23837081012373817,0.5582417147281084,0.060764980381149754,0.14178923686941713,-5.4572652960854784E-5,8.540880234089105E-4,2.3621055434766576E-5,1.0121471702855905E-5,0.9999999999999991
106.0,0.238165873216368,0.5569779316412915,0.061209378814137475,0.14282628857565857,1.7198857863788357E-4,6.145496514867242E-4,2.3791204411376033E-5,1.0198318007515472E-5,0.9999999999999992
107.0,0.2373529497243564,0.5563000468853797,0.061651662905806114,0.14385807350665353,-1.8208791465457912E-4,9.85119617213169E-4,2.396752262076486E-5,1.0267752624070583E-5,0.9999999999999991
108.0,0.2371157005974968,0.5550815251164838,0.0620916470350897,0.14488480519136768,9.533317037502633E-6,7.823089292506261E-4,2.4136375110432473E-5,1.0343438162650879E-5,0.9999999999999991
109.0,0.2366554867533946,0.5540824011163872,0.06252947488562739,0.14590638259751235,-1.3090682502971455E-5,8.046222014873576E-4,2.4306968602797294E-5,1.0416159490362316E-5,0.999999999999999
110.0,0.23629909941299337,0.5529916293085311,0.06296510309567543,0.14692288308086607,6.101206892229576E-5,7.25307801286794E-4,2.447554168000422E-5,1.0489690044047058E-5,0.9999999999999992
111.0,0.2358729989427264,0.5519743329566276,0.06339857137910279,0.14793430450741815,6.671843784964771E-5,7.178676492158261E-4,2.4644098103927193E-5,1.0562028954682246E-5,0.9999999999999989
112.0,0.23539593969869033,0.5510126278570059,0.06382988744582936,0.14894067511826628,2.188459886909408E-5,7.635394608829286E-4,2.4812425858311525E-5,1.0633394597058196E-5,0.9999999999999992
113.0,0.23456444067639845,0.5503953038148882,0.06425911249130828,0.14994197191552003,-3.622597563251829E-4,0.0011657465458244747,2.4984025916196862E-5,1.0700286468547986E-5,0.999999999999999
114.0,0.23397911548019104,0.5495507171293792,0.0646861574416886,0.15093831518358372,-5.141842946159675E-4,0.0013239574400486977,2.5151981652056483E-5,1.0769638071353881E-5,0.9999999999999987
115.0,0.23385687540887481,0.5482723966634753,0.06511099692194142,0.1519297642192301,-2.2747468041288223E-4,0.0010212837145473447,2.5313797706689766E-5,1.0843954636080245E-5,0.9999999999999989
116.0,0.23368439743313849,0.5470488409920266,0.06553372683252962,0.15291626236525696,9.421249779497883E-6,7.709584204584189E-4,2.54753929361821E-5,1.091731387309552E-5,0.9999999999999988
117.0,0.23323623682818548,0.5460945729021719,0.06595439518994206,0.153897798504294,-1.801077550819016E-5,7.983808660199164E-4,2.563936904130469E-5,1.0987115852199174E-5,0.9999999999999987
118.0,0.23291852959260143,0.5450230351989105,0.06637294502069363,0.15487446157755083,7.670217330824026E-5,6.974673371155495E-4,2.5801050229584373E-5,1.105804958908451E-5,0.9999999999999988
119.0,0.23240039574433136,0.5441490945465349,0.06678944175435578,0.15584622349840213,-2.128229799244145E-5,7.990362029871292E-4,2.5964253054738118E-5,1.1126298325456218E-5,0.9999999999999991
120.0,0.2321024577826779,0.5430724071807109,0.06720382590601218,0.15681317526203273,8.82934224820008E-5,6.825195930765779E-4,2.6124134773547966E-5,1.1196718233028632E-5,0.9999999999999988
121.0,0.23157989033832055,0.5422162827945991,0.06761618173332222,0.15777527046512188,-1.7839084559966088E-5,7.926637508314599E-4,2.628582483848882E-5,1.1264177525469E-5,0.9999999999999991
122.0,0.23126839333027072,0.5411660286690427,0.06802644714279626,0.15873260225298702,7.492477122139624E-5,6.938258205833617E-4,2.644430674805789E-5,1.133370634937309E-5,0.999999999999999
123.0,0.23076452803055783,0.540305566855314,0.06843469941275086,0.1596851305468165,-1.730163515476868E-5,7.893719061463937E-4,2.660423302361952E-5,1.1400650544694165E-5,0.9999999999999989
124.0,0.23045385067123286,0.5392679270969404,0.0688408846786592,0.16063294029907932,7.237143905936889E-5,6.937951885746411E-4,2.6761164920115386E-5,1.1469461533055992E-5,0.999999999999999
125.0,0.2299649455592532,0.5384065552150499,0.06924507479628488,0.1615759962726059,-9.470873580028332E-6,7.784437897464683E-4,2.6919385923645553E-5,1.1535854715193672E-5,0.999999999999999
126.0,0.22966775288057253,0.5373693431953559,0.06964721839430442,0.16251438070617452,8.920146127260943E-5,6.7342462385734E-4,2.7074637196183105E-5,1.1604101265438295E-5,0.9999999999999989
127.0,0.22915107002738758,0.5365476026981718,0.07004739383818769,0.16344805181611755,-2.2886174913346784E-5,7.898666770187597E-4,2.7231660623246988E-5,1.1669457405708151E-5,0.999999999999999
128.0,0.2288748880185622,0.5355035239795294,0.07044553469423837,0.1643771058907734,9.198496997306674E-5,6.678400536642051E-4,2.7385159723481565E-5,1.1737233534948108E-5,0.999999999999999
129.0,0.228348010958251,0.5347045492454111,0.07084173251893751,0.16530148822477753,-3.3578268250672796E-5,7.984547601251256E-4,2.7540798061585126E-5,1.180176268611969E-5,0.9999999999999992
130.0,0.22812398129968117,0.5336238354699888,0.07123590523558834,0.16622130971362506,1.271626152064639E-4,6.282440298496677E-4,2.7692201179254372E-5,1.1869434880595157E-5,0.9999999999999993
131.0,0.22748815489965227,0.5329414825722589,0.07162818142776305,0.1671364799777248,-1.0581015726188734E-4,8.717316681869053E-4,2.784760727776687E-5,1.1932004397572323E-5,0.9999999999999993
132.0,0.22747391448158896,0.531673980232357,0.07201839919474284,0.1680471857952326,2.5083885949478543E-4,4.95684924757332E-4,2.7995112915158898E-5,1.200139891070464E-5,0.9999999999999994
133.0,0.22688871963346674,0.5309562461870448,0.07240676642479246,0.16895326075404068,6.234459611313274E-5,6.924500842922464E-4,2.8148462801040708E-5,1.2063857448446495E-5,0.9999999999999996
134.0,0.22648182711357331,0.5300751752679296,0.07279316832737771,0.16985484633680442,4.16793679671448E-5,7.128765303891118E-4,2.829902729861237E-5,1.2128028659822145E-5,0.9999999999999997
135.0,0.2263304154035464,0.5289572844482879,0.07317760172962677,0.17075197730816774,2.6229232277746124E-4,4.7978806187316705E-4,2.8445920766371585E-5,1.2194804953541463E-5,0.9999999999999992
136.0,0.22599136651569787,0.5280242609473901,0.07356014985797678,0.17164460579098065,3.025390089778483E-4,4.362245521606911E-4,2.8594252651034758E-5,1.2259074164551634E-5,0.9999999999999994
137.0,0.22542319232351204,0.5273155579628009,0.07394082916006675,0.1725327475029602,1.2295002964617433E-4,6.23658157211625E-4,2.874450459252072E-5,1.2320359209471567E-5,0.9999999999999998
138.0,0.22480551840684945,0.5266601932604668,0.07431961929779174,0.17341645312374615,-1.055409946694179E-4,8.624815605861938E-4,2.8894610456432767E-5,1.23807347725297E-5,0.9999999999999998
139.0,0.224803247241016,0.5254253430674146,0.07469641925674417,0.17429585019706234,2.497698230160485E-4,4.8788562630455463E-4,2.903691250691359E-5,1.2447875935227281E-5,0.9999999999999999
140.0,0.22422563975544432,0.5247442118702792,0.07507143629077764,0.17517077181441246,5.583118077595237E-5,6.904159112844138E-4,2.9185134532471673E-5,1.2508042493593416E-5,0.9999999999999999
141.0,0.2239046818678377,0.5238249616281521,0.07544454153043552,0.1760413718027457,1.0433687555005001E-4,6.38205763967351E-4,2.93296935521563E-5,1.257083775944382E-5,1.0
142.0,0.22334610625389797,0.523137959702393,0.07581582641695991,0.1769075935095428,-7.502950018954311E-5,8.25436769902895E-4,2.9476288253591156E-5,1.2630559239262166E-5,0.9999999999999998
143.0,0.22321583368097755,0.5220494138184484,0.07618518957952308,0.17776956420307938,1.5140472936831222E-4,5.8628184577334E-4,2.9617249103902596E-5,1.2694893726006839E-5,1.0
144.0,0.2226442175274766,0.521386942960485,0.07655278473607119,0.17862716747180293,-4.387303232658395E-5,7.902439298498544E-4,2.976260003870611E-5,1.2753806602391988E-5,1.0000000000000002
145.0,0.22248461120857638,0.5203383740870655,0.07691847928156287,0.17948056009935476,1.5116330176804843E-4,5.8409236212992E-4,2.990251181177103E-5,1.2817147730929956E-5,1.0000000000000002
146.0,0.22191605377099077,0.5196849919645614,0.0772824187530441,0.18032963318255313,-4.4671594456755555E-5,7.886520316202769E-4,3.0046447342234558E-5,1.2875444344895838E-5,1.0
147.0,0.22176237924631462,0.518642717672076,0.07764447535882447,0.18117453860957988,1.5255880085559463E-4,5.802071892463264E-4,3.018491748865265E-5,1.2938205614612654E-5,1.0000000000000002
148.0,0.22120432183833494,0.5179912229804138,0.07800479426345062,0.18201516753411154,-3.671788012534448E-5,7.7788791989067E-4,3.0327365600051687E-5,1.2995978323785646E-5,1.0
149.0,0.22102451069125256,0.5169856442686596,0.07836325443104139,0.1828516650974334,1.3222585662270065E-4,5.99177081612196E-4,3.0464777284450303E-5,1.3057796093939004E-5,1.0
150.0,0.22042195107848445,0.5163882648876391,0.07871999790045453,0.18368392514146317,-1.0279641442889685E-4,8.449366045059853E-4,3.0606385326733565E-5,1.3114416555084995E-5,1.0000000000000002
151.0,0.2204334343515671,0.5152123334137428,0.07907486131718254,0.1845121329138636,2.4479342565521343E-4,4.785265247546247E-4,3.0740246738663505E-5,1.3177806495835073E-5,1.0000000000000004
152.0,0.21984477259962,0.5146133725711497,0.07942805528320897,0.1853361165079525,1.963056564097533E-5,7.139381621380175E-4,3.088035525702762E-5,1.3233955033097844E-5,1.0000000000000004
153.0,0.2190896455152211,0.5141786171579968,0.07977951656260976,0.18615596529893036,-3.6560417409624204E-4,0.0011175500535027664,3.102171716900772E-5,1.3287868666460942E-5,0.9999999999999999
154.0,0.218586446522393,0.5135098501742675,0.08012918441530688,0.1869717661346625,-5.12775823813488E-4,0.0012710246848287965,3.1159514883633096E-5,1.3344377471324573E-5,1.0000000000000002
155.0,0.21853302441945752,0.5124187487531916,0.0804770347010276,0.1877835707780772,-2.3361100326999075E-4,9.765351132170985E-4,3.1291472001442735E-5,1.3405766297836696E-5,1.0000000000000002
156.0,0.2184045381971886,0.5114047795308926,0.08082316331110086,0.1885913162573261,-2.751942746121003E-5,7.588325119963868E-4,3.142363924245237E-5,1.3465979714230426E-5,0.9999999999999999
157.0,0.21819673796676306,0.510471958775999,0.08116757959716105,0.1893950220757101,1.0146307945101769E-4,6.221574658602976E-4,3.1556068839884376E-5,1.352497021561293E-5,1.0
158.0,0.21767462618917688,0.5098439071838738,0.08151033120653475,0.190194671034707,-7.026969036299981E-5,8.01462576965304E-4,3.16914717820738E-5,1.3580027323111449E-5,1.0
159.0,0.21757951735939896,0.5088150820381179,0.0818513035291132,0.1909904006984731,1.6269595384423973E-4,5.555394037121564E-4,3.1821309564681546E-5,1.363970777568908E-5,0.9999999999999998
160.0,0.2168866575559355,0.5083607214419619,0.08219067534493166,0.19178206839751796,-1.7474723252702004E-4,9.089749123143095E-4,3.195739304701075E-5,1.369218681846081E-5,0.9999999999999999
161.0,0.2168197103814137,0.5073162276617772,0.08252825181629352,0.19256988800760047,8.179870475664085E-5,6.382862145216265E-4,3.208562586562047E-5,1.3751587771102883E-5,0.9999999999999999
162.0,0.21639447323962793,0.5066182460756748,0.08286420490090954,0.1933537230937886,-4.186521061098881E-6,7.275153056112917E-4,3.221735159748788E-5,1.3806553851179325E-5,0.9999999999999999
163.0,0.21613102466788098,0.5057717864589258,0.083198456577674,0.19413367573235268,6.219122787224122E-5,6.566556658742495E-4,3.234658084902844E-5,1.3863088570736904E-5,0.9999999999999998
164.0,0.2157653380513029,0.5050280975324327,0.08353105906296769,0.19490972352705707,2.9702581513251446E-5,6.896847393357163E-4,3.2476358996878075E-5,1.3918146393603206E-5,0.9999999999999998
165.0,0.21544708865614348,0.504244704942112,0.08386199579485522,0.19568190960598894,4.0780487341908825E-5,6.769420928592516E-4,3.2604964557029946E-5,1.3973456142064936E-5,1.0
166.0,0.21534158469230982,0.5032642564790285,0.08419124757257013,0.19645027948028487,2.527335447851698E-4,4.5313680807627157E-4,3.2730495901375865E-5,1.403092704369233E-5,0.9999999999999998
167.0,0.2148536648767709,0.5026531446420403,0.08451892150638309,0.19721475793912024,9.923760501103054E-5,6.133299247941528E-4,3.2859813828126564E-5,1.4083692051772128E-5,0.9999999999999997
168.0,0.2143552828801952,0.5020573514429606,0.08484496397911355,0.1979754230799088,-6.5763158493802E-5,7.856170955010213E-4,3.2988635623962965E-5,1.4136045190130444E-5,0.9999999999999996
169.0,0.21427757861143407,0.5010665310366672,0.08516931149897283,0.1987323622929824,1.679946737575173E-4,5.389169260739007E-4,3.311199659240995E-5,1.4192963519058514E-5,0.9999999999999993
170.0,0.21358505935663755,0.5006661430794492,0.08549214421504636,0.19948543023643478,-1.8481514704906266E-4,9.085539300301029E-4,3.324183116457068E-5,1.4242498285853752E-5,0.9999999999999993
171.0,0.21347244780665542,0.4997191344787679,0.08581327168504542,0.20023483523121674,1.2665913715672163E-5,6.999820695668741E-4,3.3364376299253335E-5,1.4298438732168475E-5,0.9999999999999994
172.0,0.21301204781531954,0.49910837434606176,0.08613285606704263,0.20098044884606975,-1.2231351645250845E-4,8.407460375106142E-4,3.3490324320705755E-5,1.4350080127068387E-5,0.9999999999999996
173.0,0.21308673810903309,0.49799359411335997,0.0864507586515434,0.20172242975008173,2.5036663120631955E-4,4.480956265890041E-4,3.360950535178029E-5,1.440761283438447E-5,0.9999999999999997
174.0,0.2125885222943451,0.49742925626406137,0.08676717147378461,0.2024606207265495,7.638832020910851E-5,6.298479805321653E-4,3.37346891797539E-5,1.4458251338015438E-5,0.9999999999999997
175.0,0.21220735489212803,0.49675869991746685,0.08708198779930809,0.20319514965763041,1.2292496053041671E-5,6.96147349035199E-4,3.3857928849351666E-5,1.4509959528503407E-5,0.9999999999999994
176.0,0.2117580051923392,0.49615818473085077,0.08739524626656071,0.2039260055115221,-1.1817160400668416E-4,8.321879399641639E-4,3.398136163347393E-5,1.4560601135767638E-5,0.9999999999999994
177.0,0.2118366368210099,0.49506031158605784,0.08770685564587997,0.20465330110983554,2.5228918286182046E-4,4.4189047547610674E-4,3.409812124454986E-5,1.4617057633877325E-5,0.9999999999999996
178.0,0.21136707894722842,0.49448925485375117,0.0880170025274922,0.2053768839171991,9.96406183465522E-5,6.01251614514421E-4,3.4220610702932155E-5,1.4666910764862407E-5,0.9999999999999997
179.0,0.21088235137089645,0.49393771012848936,0.08832560609529216,0.20609685655774446,-6.890937749475011E-5,7.773262205393092E-4,3.434269126065935E-5,1.4716313272001028E-5,0.9999999999999997
180.0,0.21082210497231166,0.49298723303910585,0.08863260100783589,0.20681330675529122,1.650009056123258E-4,5.305236794931711E-4,3.445929999028898E-5,1.4770340359175278E-5,0.9999999999999994
181.0,0.21015322670866401,0.49262101991372226,0.0889381665854423,0.20752608853394086,-1.8169079140214865E-4,8.937896352333081E-4,3.458234373871383E-5,1.4817070660259559E-5,0.9999999999999997
182.0,0.21008499402695924,0.49168816720387926,0.0892421095363227,0.20823541151690844,4.1723387614833914E-5,6.580259754085677E-4,3.469789159718603E-5,1.4870461309368067E-5,0.9999999999999996
183.0,0.21031395641672862,0.49047744613315053,0.0895444878708701,0.20894124528948138,5.464991344545321E-4,1.2662870073896544E-4,3.4809442913436563E-5,1.4927011662144354E-5,0.9999999999999997
184.0,0.2097869143380608,0.48999116987563057,0.08984548413266266,0.20964344042330102,3.3046056513226735E-4,3.526269607541163E-4,3.492913593589836E-5,1.4974568522324855E-5,0.9999999999999998
185.0,0.20954315250524153,0.4892402186260626,0.09014493316070747,0.21034217931229934,3.8255706319882806E-4,2.9688920686352874E-4,3.504499843894928E-5,1.5025127187375294E-5,0.9999999999999997
186.0,0.20966006257047007,0.48815091361008645,0.09044282957537025,0.21103749168732058,7.764385610844143E-4,-1.1797172797608867E-4,3.515614150832395E-5,1.5079582135706814E-5,0.9999999999999997
187.0,0.20873154346233086,0.48806142742955355,0.09073941444250817,0.2117291718803359,1.741219204844532E-4,5.13920387701329E-4,3.527876962583207E-5,1.5121707459568012E-5,0.9999999999999998
188.0,0.20805316197904858,0.4877387350473212,0.09103447990792053,0.2124174426757172,-1.915756805751928E-4,8.971916569481932E-4,3.5397957536610034E-5,1.5166456082604963E-5,0.9999999999999998
189.0,0.20790816993574313,0.486913239379195,0.09132798627694086,0.21310236619811693,-5.111602159153393E-5,7.486266891050937E-4,3.551044427934893E-5,1.521709821086877E-5,0.9999999999999996
190.0,0.20783765876778276,0.48602166311248074,0.09162001712834927,0.2137838867648642,1.58828602300402E-4,5.270557647918288E-4,3.562152035442166E-5,1.526833907610381E-5,0.9999999999999998
191.0,0.2072015812013611,0.4856731201350526,0.09191068610063055,0.21446191987573857,-1.707785741940195E-4,8.724199045520189E-4,3.5738563402625554E-5,1.5312793456278794E-5,0.9999999999999998
192.0,0.20720392936388973,0.48472173819827225,0.092199800408183,0.21513667344746987,1.057406509828451E-4,5.809058705040888E-4,3.5847703274753216E-5,1.5364357423123295E-5,0.9999999999999998
193.0,0.20671458088147032,0.4842430396103904,0.09248755504307099,0.21580798507472382,-8.698664954452846E-5,7.824540854720365E-4,3.5961964429966E-5,1.54099899865262E-5,0.9999999999999996
194.0,0.2066394319590924,0.4833748525054556,0.09277380667623403,0.21647601522172824,1.1306136134090362E-4,5.713012176705875E-4,3.6070911474986814E-5,1.546014700288443E-5,0.9999999999999997
195.0,0.20613032426119432,0.48292435211802387,0.09305870337949454,0.21714064604069028,-1.0118247865130306E-4,7.954673178107711E-4,3.618431993683567E-5,1.5505041500306624E-5,0.9999999999999996
196.0,0.20620245594850836,0.4819253433181788,0.09334208359176692,0.2178020551665278,2.3631102031951767E-4,4.3990406899331244E-4,3.629049497344902E-5,1.555639073131917E-5,0.9999999999999996
197.0,0.20564874143764567,0.48152659535246467,0.09362415494963273,0.2184600676523788,-2.30663526352092E-5,7.115033472418354E-4,3.6403347791504855E-5,1.5600265479675796E-5,0.9999999999999997
198.0,0.20547367713411085,0.4807720982647196,0.09390475759934609,0.2191148592705024,7.653115794549443E-5,6.05917007062258E-4,3.6511306832242614E-5,1.5648259480714E-5,0.9999999999999997
199.0,0.20512245845253838,0.48018984076961757,0.09418399073039026,0.21976635837463113,7.180088323712516E-6,6.778568458589866E-4,3.662076742732796E-5,1.569397121229709E-5,0.9999999999999996
200.0,0.2047888799455657,0.4795953642306643,0.09446182911732802,0.2204146119798652,-4.670570975960858E-5,7.33551298685485E-4,3.672949922983728E-5,1.5739638420717865E-5,0.9999999999999997
201.0,0.20471905136907548,0.4787544213505932,0.09473823880776838,0.22105967531841075,1.4906866191322326E-4,5.269217205618132E-4,3.683466908256162E-5,1.578810259430101E-5,0.9999999999999998
202.0,0.2042414784528858,0.4783060556427686,0.09501333827492169,0.22170145799124127,-4.445765083412696E-5,7.293516566677452E-4,3.6944016824026314E-5,1.583161552469886E-5,0.9999999999999997
203.0,0.20416632361678483,0.47747920684686995,0.09528699977985729,0.22234010453961736,1.4364040348694112E-4,5.307970751701281E-4,3.7048210025533174E-5,1.587952818763774E-5,0.9999999999999997
204.0,0.20367088765215574,0.47705682158609825,0.09555936684986335,0.2229755004200954,-6.9478736938505E-5,7.538231506122517E-4,3.7156730744794625E-5,1.5922347368561644E-5,0.9999999999999998
205.0,0.203646665850489,0.47619043471483014,0.09583029816419984,0.22360780291550228,1.645030602907072E-4,5.07065622650934E-4,3.725930937672323E-5,1.5970362660208797E-5,0.9999999999999998
206.0,0.20301210707632528,0.4759093444175217,0.09609998019049619,0.22423685626458884,-1.8356909266170965E-4,8.719016396461611E-4,3.736841055108563E-5,1.601109353234408E-5,0.9999999999999999
207.0,0.20297352455105158,0.47506547116385595,0.09636821923326745,0.2248628675287713,3.419117019624104E-5,6.421977529311553E-4,3.747013717635587E-5,1.6058462749818567E-5,0.9999999999999998
208.0,0.20321533590038002,0.47395913509154686,0.09663507442688443,0.22548580228779397,5.174944926073492E-4,1.334808432348178E-4,3.75681280516476E-5,1.6108829500671373E-5,0.9999999999999998
209.0,0.20279448457621302,0.47348782836861586,0.09690070912734329,0.22610552651338753,3.689718660191331E-4,2.886549848978348E-4,3.767325197740061E-5,1.6151311545792807E-5,0.9999999999999999
210.0,0.20298262653516527,0.4724412846180339,0.09716491868223091,0.2267222573977618,7.986871252857004E-4,-1.6374580312196636E-4,3.777085891857391E-5,1.6200585725754236E-5,0.9999999999999998
211.0,0.20205493285568563,0.47246101491065773,0.09742799627295769,0.22733573675303334,1.6536751075755054E-4,5.008341236803008E-4,3.7880825551475695E-5,1.623674767638186E-5,1.0000000000000002
212.0,0.20142547710622255,0.4722012131669028,0.09768971351840164,0.22794620420773204,-1.854042354569518E-4,8.685332575662584E-4,3.798686082220451E-5,1.627611780953297E-5,1.0000000000000002
213.0,0.20138285818871662,0.471387196173649,0.09795002900266427,0.2285537207910001,2.0997393507161347E-5,6.507907807278272E-4,3.808564184374231E-5,1.6322027891259483E-5,0.9999999999999999
214.0,0.2008886165774244,0.47100725237502816,0.09820912176843838,0.22915813695772463,-2.0357846937939865E-4,8.858991594905671E-4,3.818913662651024E-5,1.6362494646621714E-5,1.0
215.0,0.2001870833465978,0.4708288287979798,0.09846695768994235,0.2297595065635854,-6.266298938961863E-4,0.0013295586245065062,3.829453233094207E-5,1.6400338953315525E-5,0.9999999999999999
216.0,0.20043139180099254,0.46975445861372966,0.09872335161136565,0.23035802754333692,-1.508747015811596E-4,8.288077178459873E-4,3.838854451449651E-5,1.6448869795788727E-5,1.0
217.0,0.2005363830442707,0.46881687472855826,0.09897849023774906,0.23095354271856405,1.9109887363739225E-4,4.6863115303654064E-4,3.84836792402693E-5,1.6495564943655293E-5,1.0
218.0,0.199891939186037,0.46859671003258596,0.09923248131398772,0.23154597018740086,-1.812671889294161E-4,8.590461155616191E-4,3.858696894263121E-5,1.6533384413585456E-5,1.0
219.0,0.199887935568381,0.4677711888226992,0.09948510025370343,0.23213554521306717,5.458356292930395E-5,6.103858086001076E-4,3.868240130431866E-5,1.6578369315374157E-5,0.9999999999999999
220.0,0.1996565648384691,0.4671661892090177,0.0997364975535834,0.23272214487100462,7.288594203848624E-5,5.903171021810333E-4,3.87799779390965E-5,1.662050576635805E-5,0.9999999999999998
221.0,0.19930054666734845,0.4666839314902749,0.09998666242548837,0.23330580010838434,-2.861011629897662E-5,6.961299268319113E-4,3.887851763972371E-5,1.6660980331223578E-5,0.9999999999999999
222.0,0.19917984945895945,0.46598181050172655,0.10023554130801965,0.2338865826041564,9.263301905503756E-5,5.67905284650162E-4,3.89738750620765E-5,1.6703948370829536E-5,1.0
223.0,0.19877797349901516,0.465551362523092,0.10048322623408261,0.23446442493906733,-5.4859466033497476E-5,7.220568166196382E-4,3.907200387423008E-5,1.6743450282649287E-5,1.0000000000000002
224.0,0.19875924516791138,0.46476032280370577,0.10072961301096843,0.2350394469243577,1.610650201649311E-4,4.943546672336232E-4,3.9165251771572403E-5,1.6787153886609002E-5,1.0
225.0,0.19815682035049917,0.46452882400127776,0.1009748684346171,0.23561150956277574,-1.795983255045647E-4,8.514873125540514E-4,3.9264761451119526E-5,1.6823902329775722E-5,1.0000000000000002
226.0,0.19817383800771302,0.46371180955586994,0.10121879872692213,0.23618081798852134,6.801578344256846E-5,5.904956837296022E-4,3.935667216621194E-5,1.6867581635345643E-5,1.0000000000000002
227.0,0.1978441875788326,0.46322871419684825,0.10146157050073036,0.23674723317783702,-1.5399492823613982E-5,6.77334877031943E-4,3.945211813843741E-5,1.690704340512479E-5,1.0
228.0,0.1977114772240936,0.46256216201932665,0.10170309949827545,0.2373108555078918,8.743763480007773E-5,5.684747153530463E-4,3.9544837981640275E-5,1.6948562277918363E-5,1.0000000000000002
229.0,0.19733996129462913,0.46212683565062235,0.10194346415150499,0.2378716299400536,-3.8105445489020756E-5,6.995874432980242E-4,3.9639854813197024E-5,1.6987110567899558E-5,1.0000000000000002
230.0,0.1972705303526518,0.46140794574242544,0.10218258059388043,0.23842965627968946,1.2266703934779447E-4,5.298601219273747E-4,3.973093853745883E-5,1.7028931540443064E-5,1.0000000000000002
231.0,0.1967886541067296,0.46108549657351866,0.10242057351750321,0.2389848351272682,-1.1015802530646435E-4,7.737065956070605E-4,3.9826324519763405E-5,1.7065780160205203E-5,1.0000000000000002
232.0,0.19692718836925582,0.46017649193924814,0.10265727725595324,0.23953734418442685,2.462497623079642E-4,3.984247975406586E-4,3.991411401719395E-5,1.7109577250393873E-5,1.0000000000000002
233.0,0.19649382723579256,0.45981563898065836,0.1028928958244942,0.24008700812814862,5.734484369458601E-5,5.961303757599348E-4,4.000804749858236E-5,1.7146563953363255E-5,1.0000000000000002
234.0,0.1962437645806717,0.45928419465525566,0.10312730963121505,0.24063396047933888,4.17454398726145E-5,6.117403314136719E-4,4.009942553305036E-5,1.7185456699633622E-5,1.0000000000000002
235.0,0.19636957371942923,0.4583988662611958,0.10336049253445243,0.24117824544748054,3.8270225990107707E-4,2.5270526717623484E-4,4.018603142271946E-5,1.722847894218234E-5,1.0000000000000004
236.0,0.1965375613346061,0.4574772131304529,0.10359250580272068,0.24171982369744066,7.626914597885642E-4,-1.4733891802886986E-4,4.0271712317969225E-5,1.727178070216737E-5,1.0000000000000002
237.0,0.19569123995796003,0.45752468335456115,0.1038235307679657,0.24225854117658407,1.7640682516705588E-4,4.679261035486445E-4,4.036864368789057E-5,1.730317052575601E-5,1.0000000000000002
238.0,0.19507276435986234,0.45735908990272667,0.1040533668131131,0.24279460837583233,-1.9416079365395383E-4,8.56531842386704E-4,4.046251509512385E-5,1.733698463799032E-5,1.0000000000000002
239.0,0.19498296504649273,0.45669411126577986,0.10428196969365534,0.24332808640599746,-6.27475341915026E-5,7.176885640291826E-4,4.054986241443025E-5,1.73766958228733E-5,1.0000000000000002
240.0,0.194997047438378,0.45593400891483526,0.10450941569930922,0.2438589212123544,1.664342903518459E-4,4.7611945959402484E-4,4.063558245863462E-5,1.7417402718840493E-5,1.0000000000000002
241.0,0.19439782629207591,0.4557613148225028,0.10473582967212458,0.24438701229468712,-1.8905505826446057E-4,8.488932062006124E-4,4.0727941074571946E-5,1.7450829598936995E-5,1.0
242.0,0.1943686945489555,0.4550497664101863,0.10496102064416957,0.24491256055668767,-3.140271733438865E-6,6.527941723532126E-4,4.08133048595925E-5,1.7490634521773523E-5,1.0000000000000002
243.0,0.1941861123211749,0.45448794359918365,0.10518511445681164,0.2454354643582823,3.569202967414187E-5,6.112447535995662E-4,4.0900012860004536E-5,1.7528468413986786E-5,1.0000000000000002
244.0,0.19421643817784665,0.4537271617917979,0.10540805583640744,0.2459557948738154,2.7605948853081725E-4,3.57937425479207E-4,4.098384585596338E-5,1.7568560266738963E-5,1.0
245.0,0.1935433187495627,0.4536395031428321,0.10563000260439796,0.24647341974853687,-1.539982559171742E-4,8.090783102237324E-4,4.1075364548405815E-5,1.7600335815661345E-5,1.0000000000000002
246.0,0.19367705490831513,0.4527875846890519,0.10585070936510252,0.246988591479181,1.8266666304149015E-4,4.5459450077309574E-4,4.1157168725621425E-5,1.7641225809297157E-5,1.0000000000000002
247.0,0.1930649040624725,0.45264914520680083,0.10607043962083952,0.24750107663756554,-1.9146899617084262E-4,8.469830050206726E-4,4.1247151804399366E-5,1.767331166731004E-5,1.0
248.0,0.19302128878271604,0.4519732207757653,0.10628898046605514,0.24801109652154946,-2.5647467856857375E-5,6.720189876512666E-4,4.1330170542081094E-5,1.771176357755997E-5,1.0
249.0,0.19291284004452186,0.45136257556965415,0.10650644259402439,0.24851856340614525,7.744749926402484E-5,5.629680883918479E-4,4.14135249366778E-5,1.7749273061886012E-5,1.0000000000000002
250.0,0.1926110053984348,0.45093953609600906,0.10672285279537645,0.24902346957693558,-4.5043712175342064E-6,6.483574486712126E-4,4.149869827298255E-5,1.7784357517601334E-5,1.0
251.0,0.19244553459460773,0.45039025927895754,0.10693816168660845,0.24952587995227266,4.227887568961639E-5,5.984828953695728E-4,4.158189308027111E-5,1.7820823414253E-5,1.0
252.0,0.1925276938254376,0.44960883458672846,0.10715235615838466,0.2500258247317284,3.236788522088444E-4,3.0209006039006413E-4,4.166182933451149E-5,1.785995578776691E-5,1.0000000000000004
253.0,0.19233210073490878,0.44909525481796003,0.10736552885391404,0.2505232330670105,3.3976755230331716E-4,2.8447471880682553E-4,4.174456272637835E-5,1.789569237041945E-5,1.0000000000000002
254.0,0.19228765636791537,0.44844131412313265,0.10757761383524565,0.2510181854161536,4.986753074209278E-4,1.1679681295737564E-4,4.1825153293028004E-5,1.7932983881705288E-5,1.0000000000000004
255.0,0.19196923164560648,0.448051593672893,0.10778868703525626,0.2515106267088505,3.9587111671102973E-4,2.2411439411116355E-4,4.190850154579858E-5,1.7966925026224324E-5,1.0000000000000004
256.0,0.19207041138499487,0.44726598624221575,0.10799863848575002,0.25200067926373143,6.913478763459736E-4,-8.705539186522252E-5,4.1986617707229E-5,1.8005521120509413E-5,1.0000000000000004
257.0,0.19135055625259279,0.44726520045676005,0.10820767956419668,0.2524881585311523,2.0456721317672734E-4,4.2372972781915317E-4,4.207379891128762E-5,1.803445539156085E-5,1.0000000000000004
258.0,0.1907738672127349,0.44713158182788265,0.10841565528701634,0.2529732296325626,-1.4697039765552283E-4,7.92412644032873E-4,4.215893721084334E-5,1.8064856216144065E-5,1.0000000000000009
259.0,0.1909392888104672,0.44629509325126177,0.10862247133207907,0.25345599969165855,2.0667192379734012E-4,4.201362207615182E-4,4.223513328271702E-5,1.810363669238117E-5,1.0000000000000004
260.0,0.19036967273450212,0.44616153099314054,0.10882837829484127,0.2539362464615384,-1.400968640629975E-4,7.83815220076217E-4,4.2319409384529503E-5,1.8133750580585976E-5,1.0000000000000007
261.0,0.19054904636933384,0.4453185180811471,0.1090331347447371,0.254414217337343,2.2486991362308576E-4,3.9964656058278075E-4,4.239466788731059E-5,1.817232534645002E-5,1.0000000000000007
262.0,0.19003834800061664,0.44513560364764054,0.1092369848977337,0.2548896959935369,-6.777713335691382E-5,7.064643473669524E-4,4.2477492179939864E-5,1.8202754282864598E-5,1.0000000000000004
263.0,0.19008119767088202,0.4444292083751351,0.10943972721588671,0.25536289157247277,1.653464977066602E-4,4.6083572282722097E-4,4.255355468580821E-5,1.8239390404219182E-5,1.0000000000000004
264.0,0.18950734422371493,0.44431305252037717,0.10964156120132725,0.2558336302686462,-1.8931913045258176E-4,8.328258457316392E-4,4.263634142944919E-5,1.826872922634928E-5,1.0000000000000002
265.0,0.18950650135739436,0.4436548600079276,0.10984229422204231,0.2563021125556263,3.152905003467321E-7,6.328999189198029E-4,4.271214594607331E-5,1.8304501643687692E-5,1.0000000000000004
266.0,0.1893101140597533,0.4431860539989331,0.11004205898785147,0.25676822822745327,2.9279478798652095E-6,6.294891134224145E-4,4.278982573400967E-5,1.8337838972965513E-5,1.0000000000000004
267.0,0.18908341605335677,0.4427493639298012,0.11024083303428744,0.25723201513754373,-2.4246546131331034E-5,6.573802633579917E-4,4.28674787866225E-5,1.8370648997926217E-5,1.0000000000000004
268.0,0.18898480375225055,0.4421940264368667,0.11043859500803072,0.2576935099967288,6.952028453459776E-5,5.581964791275756E-4,4.2943281870147576E-5,1.840476059131593E-5,1.0000000000000002
269.0,0.18868869640382221,0.44182988297050657,0.11063540394396927,0.2581526726895428,-2.557664837314047E-5,6.574632349685331E-4,4.3020988324235756E-5,1.8436417240178742E-5,1.0000000000000007
270.0,0.18859836111198391,0.44127312504014915,0.1108311977540671,0.25860957865300976,7.42003534454306E-5,5.51970860188899E-4,4.309595339628975E-5,1.847027376030968E-5,1.0000000000000007
271.0,0.18833063851757803,0.4408883922531273,0.11102604499078668,0.2590641785238761,4.256629145439313E-6,6.248145824965833E-4,4.317259385165175E-5,1.850190913899484E-5,1.0000000000000009
272.0,0.18808806756239738,0.4404829107905786,0.11121991686825451,0.2595165157855445,-4.267515391375516E-5,6.7348190768623E-4,4.32485777912063E-5,1.8533661662209764E-5,1.0000000000000009
273.0,0.18807784193087992,0.43985947695947475,0.11141278380295074,0.2599666346031355,1.3056691771761732E-4,4.908063428396218E-4,4.3321519672829956E-5,1.8567923330074857E-5,1.0000000000000009
274.0,0.18764139178821676,0.4396448408403703,0.11160476003409535,0.2604144417578866,-1.0268160788258875E-4,7.35251082970349E-4,4.339900962647062E-5,1.8597094717953856E-5,1.000000000000001
275.0,0.18780186722193087,0.43886524701344193,0.11179568035860156,0.26086011072966203,2.3117299658810065E-4,3.838194350335379E-4,4.3469260308589185E-5,1.8632984434407805E-5,1.000000000000001
276.0,0.18733047714032497,0.4386901296028073,0.11198575371021215,0.2613034577392826,-3.713377424255566E-5,6.651077371058142E-4,4.3546432153463865E-5,1.8661412357419277E-5,1.000000000000001
277.0,0.18730063915891326,0.4380978933582953,0.11217480648619745,0.26174466412878306,1.1382435432594727E-4,5.058595876857612E-4,4.3618158596546474E-5,1.8694767203902378E-5,1.0000000000000013
278.0,0.1868796151433985,0.4378810459624346,0.11236298176853807,0.2621836088302491,-1.0834882925303828E-4,7.386796485362513E-4,4.3694036570124504E-5,1.8723439527560923E-5,1.000000000000001
279.0,0.18706001503959963,0.43709489759091263,0.11255011933352042,0.26262046025782426,2.4087952067317498E-4,3.711067414114621E-4,4.3762630590829945E-5,1.875888546883672E-5,1.0000000000000013
280.0,0.18664514951720262,0.43687833118849206,0.11273642268676166,0.26305503950398046,2.279157636067195E-5,5.996405006740129E-4,4.38377311676758E-5,1.878729536209941E-5,1.000000000000001
281.0,0.18590580093364137,0.4369736258637529,0.11292185148969268,0.2634874003773838,-5.049424611279877E-4,0.0011535357816420278,4.391621999219944E-5,1.8811795024343803E-5,1.0000000000000013
282.0,0.18598730363524218,0.43629074305399373,0.11310622007346695,0.2639177353541484,-2.5246330994273405E-4,8.876306881783031E-4,4.398490180165155E-5,1.8845603112999043E-5,1.0000000000000016
283.0,0.185916365420758,0.4357559571937434,0.11328969475662144,0.2643459007996498,-1.4591298639791864E-4,7.750623345367041E-4,4.405499300573123E-5,1.8877488084353288E-5,1.0000000000000016
284.0,0.18610950056068634,0.4349728534541371,0.11347221091795356,0.2647719734769987,2.1105137277823652E-4,3.993762637855146E-4,4.412169608715793E-5,1.8912257575091093E-5,1.0000000000000018
285.0,0.18557741695531635,0.4348829336445647,0.1136539374885795,0.26519580710675256,-1.229371631119242E-4,7.49707060719582E-4,4.419641179570225E-5,1.8938495385093966E-5,1.0000000000000016
286.0,0.1857872709743247,0.43408987904757174,0.11383463523720444,0.2656176449986606,2.482137170996589E-4,3.5912065430037656E-4,4.4262236669112114E-5,1.8973134170975622E-5,1.0000000000000016
287.0,0.18544515803620712,0.43382509362601246,0.11401452366104994,0.2660372924497519,9.327984292708619E-5,5.213170604261835E-4,4.43340813095718E-5,1.9001242317249535E-5,1.0000000000000016
288.0,0.18510036989919804,0.4335657975087219,0.11419351598718487,0.26645484707262423,-6.505019959420584E-5,6.870849538428232E-4,4.440561824905785E-5,1.9029159774770464E-5,1.0000000000000013
289.0,0.18516479671463026,0.4329199770473545,0.11437154824960286,0.2668703846329436,1.6516621649427998E-4,4.4459339497240034E-4,4.447210320857479E-5,1.906164079500465E-5,1.0000000000000016
290.0,0.18461426714009993,0.43286232926003504,0.11454879506207831,0.26728375305606683,-1.906276548892449E-4,8.178509311914249E-4,4.454533878829114E-5,1.908686663078928E-5,1.0000000000000013
291.0,0.18463262783191514,0.43226616379554444,0.11472506415333575,0.2676951504517709,-5.925933208294706E-6,6.231895143916121E-4,4.461168589400726E-5,1.9118500357975222E-5,1.0000000000000016
292.0,0.18450878278973262,0.43180822164447996,0.11490047807535006,0.2681044743022375,4.2624713556548596E-5,5.71590798622665E-4,4.46793397271159E-5,1.9148336295184266E-5,1.0000000000000016
293.0,0.1845636179934453,0.43118309880771577,0.11507498789401725,0.26851178573156204,2.603708561606293E-4,3.4221403410149666E-4,4.47446045624818E-5,1.9180078436424937E-5,1.0000000000000013
294.0,0.1847627765554933,0.4304234786836652,0.11524860367710407,0.26891708946418336,6.146239742320829E-4,-3.0593563657060896E-5,4.4807877920256424E-5,1.9213331060091366E-5,1.0000000000000013
295.0,0.18420868376500227,0.4303835756783412,0.11542147889455392,0.26932025325006875,2.512915679300529E-4,3.5059960404525093E-4,4.487950366103196E-5,1.9237736399064353E-5,1.0000000000000016
296.0,0.1839215877210246,0.43009239778430597,0.1155934483478283,0.269721448994075,1.412054939212288E-4,4.6569886166145086E-4,4.494772769881931E-5,1.926506948611831E-5,1.0000000000000016
297.0,0.18352896620567202,0.42990446311744446,0.11576457822609315,0.2701206276293917,-7.010759084345296E-5,6.871645362741396E-4,4.5016844008451335E-5,1.92910319611788E-5,1.0000000000000018
298.0,0.18360489638545957,0.42927340406486514,0.11593477741932218,0.27051789018898525,1.636255066992942E-4,4.4100394544448196E-4,4.5080239451610086E-5,1.9322249774259112E-5,1.0000000000000018
299.0,0.18306517187240107,0.4292310540941848,0.11610423032051452,0.27091307461890196,-1.892791213884775E-4,8.112515957814015E-4,4.5150408302940286E-5,1.934621130357125E-5,1.0000000000000018
300.0,0.18310463028492804,0.4286402633113366,0.11627274263760132,0.2713063803180408,8.142785871440017E-6,6.032503710387267E-4,4.5213584752386014E-5,1.9376706432442798E-5,1.0000000000000018
301.0,0.18279794476821162,0.42838165846848314,0.11644047232340952,0.2716976703352498,-1.2460923611547404E-4,7.421798512845335E-4,4.528043238369458E-5,1.9403057094850078E-5,1.0000000000000016
302.0,0.18302242207583386,0.427620286337203,0.11660727780164479,0.2720870936044286,2.4727921427819327E-4,3.508647338482619E-4,4.534084409135202E-5,1.9435388673593652E-5,1.0000000000000016
303.0,0.18268822938412035,0.42739333538282437,0.11677334431598427,0.27247448698274895,8.677025547955164E-5,5.189651752964254E-4,4.540737894831727E-5,1.946112459950723E-5,1.0000000000000018
304.0,0.18238435389994836,0.42714024840861536,0.11693857815285708,0.2728599535735915,-4.56752341743969E-5,6.57580884324411E-4,4.547325196902537E-5,1.948706287074058E-5,1.000000000000002
305.0,0.18241092397923037,0.42657537744058605,0.11710293357200634,0.27324355061325,1.355369396555566E-4,4.666257808832895E-4,4.5535006509870154E-5,1.9516667880644345E-5,1.000000000000002
306.0,0.18201116951160212,0.4264189328424299,0.11726654041661365,0.27362516764460604,-8.970185097003248E-5,7.027488649961995E-4,4.5601363935654805E-5,1.9541206788692636E-5,1.0000000000000022
307.0,0.1820626920345964,0.42583568117697257,0.11742925695803426,0.2740049534070621,1.1370320226168889E-4,4.884801990087942E-4,4.566221370521327E-5,1.957080836123812E-5,1.0000000000000024
308.0,0.1816664912197318,0.4256811945171048,0.11759123663021027,0.2743827747876178,-1.0969722072363898E-4,7.226770517285536E-4,4.5727916002645565E-5,1.9595098330066428E-5,1.0000000000000024
309.0,0.18187434487459353,0.4249544746844704,0.11775230872442463,0.27475880805871683,2.409309034731035E-4,3.53720185431638E-4,4.578635334125819E-5,1.962621555093465E-5,1.0000000000000022
310.0,0.18149136428050924,0.4247926931052441,0.1179126757961393,0.27513287307914136,2.858252037932251E-5,5.763095523298984E-4,4.585129523687472E-5,1.9650371022289128E-5,1.0000000000000022
311.0,0.18141761543554358,0.4243392370105782,0.11807219230337486,0.2755051219628998,1.097286542506399E-4,4.90514308333133E-4,4.591237227309962E-5,1.9677952749162928E-5,1.0000000000000024
312.0,0.18103342507443212,0.4241838410571664,0.11823096518934036,0.2758754657161255,-1.052834993732286E-4,7.159079261806354E-4,4.597672608304544E-5,1.970181004767393E-5,1.0000000000000027
313.0,0.18123202974307973,0.4234763922482228,0.11838885000694534,0.2762440552765884,2.3351840926338387E-4,3.593879978758276E-4,4.6034065927020015E-5,1.973225209985756E-5,1.0000000000000024
314.0,0.18080645862510242,0.42336556089526584,0.11854605123944173,0.2766107084007045,-2.2367596474476606E-5,6.277347850011286E-4,4.609830050563663E-5,1.975535045544643E-5,1.0000000000000022
315.0,0.180733942654461,0.42292129603608125,0.1187024104446148,0.2769755892574216,5.695653525193223E-5,5.438645172907427E-4,4.6158171246639205E-5,1.9782383634110022E-5,1.0000000000000022
316.0,0.1805452926153304,0.42259011577737876,0.11885800948384001,0.27733863253862406,2.5032598184027838E-5,5.768899632178626E-4,4.6219085814628704E-5,1.9807937612388207E-5,1.000000000000002
317.0,0.18053952461907918,0.4220874314652571,0.11901280256146803,0.27769989474360623,1.663961908469141E-4,4.278373555485079E-4,4.627760029104033E-5,1.9835463904859265E-5,1.000000000000002
318.0,0.18000809518519167,0.42208755659935593,0.11916691126881618,0.27805927250718526,-1.931709868033351E-4,8.051367598006995E-4,4.634188026349265E-5,1.9856786192080236E-5,1.000000000000002
319.0,0.18003166143828572,0.4215620089840134,0.11932015990168755,0.2784169462224738,-2.5354681897456688E-5,6.282942834483977E-4,4.639947541154419E-5,1.988437657897377E-5,1.000000000000002
320.0,0.1799771228444117,0.4211133026218386,0.11947265747807294,0.27877282440130685,6.741529483202964E-5,5.303087481208144E-4,4.6457682023822E-5,1.991092939523744E-5,1.0000000000000018
321.0,0.17972911606641814,0.4208512171690861,0.11962442697468169,0.2791268976345342,-2.4632634420992104E-5,6.265218449417822E-4,4.6517830802118394E-5,1.9935113959070382E-5,1.000000000000002
322.0,0.17967229882273517,0.4204096585210349,0.11977540827057938,0.2794792357821056,6.453020586694814E-5,5.323315365636254E-4,4.6575490994049516E-5,1.9961370122494513E-5,1.0000000000000022
323.0,0.17943870905802187,0.4201388065703659,0.1199256662739459,0.2798297892792032,-1.5230753400620619E-5,6.156392159737651E-4,4.663490383279376E-5,1.998545205911104E-5,1.000000000000002
324.0,0.17938720790534277,0.419697118141663,0.12007514511226128,0.28017862380594083,7.756611660694713E-5,5.176354804900579E-4,4.669193579053536E-5,2.0011501906447906E-5,1.000000000000002
325.0,0.1791424934588836,0.419441758641996,0.12022391087571568,0.28052568854571375,-1.4198100367437657E-5,6.135604762760654E-4,4.6750912659047814E-5,2.003518912522655E-5,1.000000000000002
326.0,0.17908795182587958,0.41900784441492156,0.1203719035796358,0.280871052981688,7.429518508228039E-5,5.20083655606276E-4,4.680741830964516E-5,2.0060938878955346E-5,1.000000000000002
327.0,0.178860546288552,0.41874086811713207,0.12051918723921168,0.2812146681560965,-2.4019104226824127E-6,6.001819100677301E-4,4.6865637195568397E-5,2.0084562169223288E-5,1.0000000000000022
328.0,0.17872906728188664,0.4183850077821576,0.12066572087292657,0.28155658528868555,1.1484455566012622E-5,5.85102683535932E-4,4.692247359236103E-5,2.0109161651462778E-5,1.0000000000000022
329.0,0.17830745870805154,0.41830766390562424,0.12081157228388188,0.28189675168454387,-2.5139796734464334E-4,8.608387254036831E-4,4.6982377178088714E-5,2.0130282663518004E-5,1.000000000000002
330.0,0.17829145212647238,0.4178466915414611,0.12095662951757757,0.2822352861995083,-1.2901507379205158E-4,7.31762400944587E-4,4.703733282431623E-5,2.0155955006100984E-5,1.0000000000000024
331.0,0.1785395236775228,0.417136768122799,0.12110091971160739,0.2825721748414572,2.4396806315047335E-4,3.3937206481402275E-4,4.708897259495407E-5,2.0184546056485936E-5,1.0000000000000024
332.0,0.17820177057540376,0.41698674072791797,0.12124458768288007,0.282907291212932,5.8820968372975675E-5,5.334354936378134E-4,4.714709077865749E-5,2.0206248079088406E-5,1.0000000000000024
333.0,0.17800844305330815,0.41670161290555857,0.12138751568741442,0.28324075951864874,1.0424301306087048E-5,5.838117700474172E-4,4.720327448825846E-5,2.0229489230767398E-5,1.0000000000000024
334.0,0.17763182850974374,0.41659325950079557,0.12152976174419897,0.2835725361073503,-2.1305690925428454E-4,8.181592579064672E-4,4.726130111010233E-5,2.025048815154531E-5,1.0000000000000024
335.0,0.17766327166064158,0.4160988816116752,0.12167123115276786,0.2839027230672657,-4.891903720898825E-5,6.452211166507825E-4,4.731435826970106E-5,2.0276069940514376E-5,1.0000000000000024
336.0,0.17772269058134843,0.4155801944810646,0.1218119905977871,0.2842312683574515,1.4117033472470578E-4,4.450169720065511E-4,4.736682676075338E-5,2.030184885856207E-5,1.0000000000000022
337.0,0.17736402114770947,0.4154617091683644,0.12195211770926762,0.28455810942973825,-6.724244574529085E-5,6.635384653335254E-4,4.7423847644156766E-5,2.03226776900358E-5,1.0000000000000022
338.0,0.177468173973153,0.4149050448887334,0.12209146962242415,0.28488339417998737,1.6408565925210778E-4,4.200076811380453E-4,4.747527202883874E-5,2.034872328544201E-5,1.0000000000000024
339.0,0.17695595632781067,0.41493726610267373,0.12223022912680893,0.28520695955144554,-1.9175919024683142E-4,7.934470136348637E-4,4.7533536129104735E-5,2.0367531746238685E-5,1.0000000000000022
340.0,0.17701237235524478,0.4144305840252379,0.12236820279760284,0.28552900159412226,-7.17060650954086E-6,5.990320678180368E-4,4.758498715077685E-5,2.0392779335001597E-5,1.0000000000000022
341.0,0.17692745899582105,0.4140606645586959,0.12250551204210791,0.2858494157377224,4.228189670335276E-5,5.466126887970494E-4,4.763780687989389E-5,2.0416273274671303E-5,1.0000000000000022
342.0,0.17699236334303045,0.4135504095514742,0.12264211191567909,0.2861682561680986,2.3364563853302842E-4,3.4508336710576564E-4,4.768864189558899E-5,2.0441374185363538E-5,1.0000000000000022
343.0,0.17659092018141384,0.4134862169001169,0.1227781082067961,0.2864854331131773,-1.9394606486851135E-5,6.105106400244758E-4,4.7744593193855034E-5,2.046097176622043E-5,1.000000000000002
344.0,0.1765670817897341,0.41306487968595956,0.12291336408795,0.28680108836524937,8.623601109870361E-5,4.99069315988068E-4,4.77959376936239E-5,2.048480632839762E-5,1.0000000000000018
345.0,0.17629203865293225,0.41288482959260564,0.12304798741453454,0.2871151300673882,-4.780958206346958E-5,6.394683108914328E-4,4.78499220708621E-5,2.050562164232908E-5,1.0000000000000016
346.0,0.17635359821548433,0.4123866347898417,0.12318188388381372,0.2874276593033332,1.378061321892516E-4,4.439876987514797E-4,4.789977463723686E-5,2.0530201951042953E-5,1.000000000000002
347.0,0.17599175348461207,0.4122935887041822,0.12331518311608024,0.28773856332716896,-8.010628511678861E-5,6.725136223853746E-4,4.7954253766997306E-5,2.0549776922889903E-5,1.000000000000002
348.0,0.17610054662448865,0.4117548137145158,0.12344773989416884,0.28804799171960177,1.4919150668639544E-4,4.3113881641929606E-4,4.8003059197560856E-5,2.057466492379941E-5,1.0000000000000022
349.0,0.1757879457224219,0.4116192524721705,0.1235797057410853,0.28835581071525834,-2.311965796307448E-5,6.117539645224771E-4,4.805647053571246E-5,2.0594571970928804E-5,1.0000000000000022
350.0,0.17574054512942763,0.41123345711868853,0.12371096987408049,0.2886621369121832,5.6299391324950686E-5,5.278675741380491E-4,4.810657780487448E-5,2.061742235447638E-5,1.000000000000002
351.0,0.17557619079621356,0.41096111579160444,0.1238415990668569,0.288966917345039,2.3809077779828763E-5,5.615713305538486E-4,4.815778557822292E-5,2.0638806376295453E-5,1.0000000000000022
352.0,0.1754497190001441,0.41065485892369,0.1239715708556614,0.28927018418783135,2.674857747934499E-5,5.580496326754479E-4,4.820831100070439E-5,2.0660511519673365E-5,1.000000000000002
353.0,0.17512445612726427,0.4105399199280669,0.12410092780996687,0.2895719074752458,-1.6008828565928433E-4,7.539362557590259E-4,4.8260882348130583E-5,2.067980701047877E-5,1.0000000000000022
354.0,0.17534026211273943,0.4099121579007851,0.1242295502317099,0.2898722121021055,1.6732302123946465E-4,4.09482423707887E-4,4.830697587147737E-5,2.0705231843465862E-5,1.0000000000000022
355.0,0.17483165190754324,0.40997593399091553,0.12435765159541785,0.29017090483751234,-1.9520000264651362E-4,7.899743148902379E-4,4.836117422026953E-5,2.0722182149415457E-5,1.0000000000000022
356.0,0.17486728780115424,0.4095238421968017,0.12448502431022683,0.29046819438002863,-4.0445437385044154E-5,6.269425890119802E-4,4.840886055645694E-5,2.074529960767828E-5,1.0000000000000024
357.0,0.17490594894757275,0.4090709560483875,0.12461176148197689,0.29076400230705846,1.1658537230658887E-4,4.61521231672664E-4,4.845627224929328E-5,2.0768338778413337E-5,1.0000000000000024
358.0,0.1745388581636323,0.4090063014912928,0.12473793419508945,0.2910582711672191,-1.1308077910215453E-4,7.024210585822588E-4,4.850812059202233E-5,2.078658269675052E-5,1.0000000000000024
359.0,0.17478763002983563,0.4083575898546598,0.12486337585816533,0.29135117036126,2.4268714876851758E-4,3.2818229004218623E-4,4.855263531330809E-5,2.0811821957631676E-5,1.0000000000000024
360.0,0.17446228823299012,0.408257320312523,0.12498828732061566,0.2916425184503776,5.155770811088084E-5,5.285941223021098E-4,4.8603528990220506E-5,2.0830324092939177E-5,1.0000000000000022
361.0,0.17434937862872524,0.4079569209816108,0.12511254101645128,0.29193244747555847,6.197980293481302E-5,5.172291879636024E-4,4.8651739897532496E-5,2.0851166860625788E-5,1.0000000000000024
362.0,0.17415168127150246,0.4077392481458267,0.1252361894321594,0.29222091753439666,-8.866374118332728E-6,5.912583756181544E-4,4.870069389673162E-5,2.087092072081585E-5,1.0000000000000024
363.0,0.17408967750198373,0.4073944579072435,0.12535919902252574,0.2925079708062382,4.882343484238511E-5,5.302313447829814E-4,4.8747851677615774E-5,2.089213070834582E-5,1.0000000000000027
364.0,0.17401395035738879,0.4070647414336646,0.12548159768566028,0.29279359076117384,9.287286911975991E-5,4.835388839405025E-4,4.8794936043631556E-5,2.0913073011229378E-5,1.0000000000000027
365.0,0.17372088267468402,0.40694387268400856,0.12560342230973562,0.2930777522363007,-7.046921461666632E-5,6.547636172686646E-4,4.884429430930542E-5,2.0931398312545907E-5,1.0000000000000029
366.0,0.17384525382076768,0.40642771734376726,0.12572457046783872,0.2933605630197364,1.6283102306241396E-4,4.092212785124414E-4,4.8888613435866296E-5,2.0954432881946695E-5,1.0000000000000027
367.0,0.17335275173668357,0.40650062809176285,0.12584521703795157,0.2936418661126576,-1.914340167510145E-4,7.810609846765507E-4,4.893981233252728E-5,2.0970240689190083E-5,1.0000000000000029
368.0,0.17343451178840333,0.40602898249736613,0.125965167124184,0.29392185748184907,1.7585339884637228E-7,5.793285187393837E-4,4.8984167387840626E-5,2.0992568674138173E-5,1.0000000000000029
369.0,0.17329260239470934,0.40577216824837187,0.1260845562997242,0.29420041755293846,-2.161667513550492E-5,6.018290967964103E-4,4.903087382715948E-5,2.101220877098795E-5,1.0000000000000029
370.0,0.17324867331344393,0.40542405904698764,0.12620333410403267,0.2944776043048569,4.926042156118247E-5,5.26959708985646E-4,4.9076226596336674E-5,2.103287353871687E-5,1.0000000000000029
371.0,0.17316905915419054,0.4051118555171563,0.1263215257124587,0.29475340345968143,8.561925620138649E-5,4.883621124227518E-4,4.9121766962877654E-5,2.1053020928922047E-5,1.0000000000000029
372.0,0.17291152347789093,0.4049709154632462,0.12643915770964312,0.29502779934542844,-4.7883943620377015E-5,6.282478024912715E-4,4.916913494782933E-5,2.107100997561934E-5,1.0000000000000029
373.0,0.17298839935858323,0.4045136379778096,0.1265561479085813,0.29530088008368693,1.3626951015649632E-4,4.343599790088662E-4,4.921242834917116E-5,2.1092753827548835E-5,1.000000000000003
374.0,0.17264056833226404,0.404462472254001,0.1266726253596936,0.2955725320840238,-8.42647331663021E-5,6.656968157113816E-4,4.926039514372932E-5,2.11094923319344E-5,1.0000000000000033
375.0,0.17275936339736966,0.40396912038353594,0.12678844487580546,0.29584290351687387,1.3867333346622617E-4,4.310602143113968E-4,4.93027661263922E-5,2.1131512514450084E-5,1.000000000000003
376.0,0.1724195812839726,0.40391409582191423,0.12690376307331064,0.296111854379563,-7.530040443492689E-5,6.555075052170427E-4,4.935020296003755E-5,2.1148137500748595E-5,1.0000000000000033
377.0,0.17255087790842807,0.40341262854475257,0.1270184283687458,0.296379538853809,1.5844060658423914E-4,4.0952362624677423E-4,4.939199485630602E-5,2.1170096580371168E-5,1.000000000000003
378.0,0.1720756803330002,0.40349024346819135,0.12713262266599282,0.2966457927008694,-1.8547672819135526E-4,7.705120465698093E-4,4.9440559132808014E-5,2.1184954438215184E-5,1.000000000000003
379.0,0.17220935588054284,0.4029902569537088,0.12724614688191296,0.29691081535521746,4.9445798169234765E-5,5.232904999087134E-4,4.9481892906750026E-5,2.1206737636469026E-5,1.0000000000000033
380.0,0.17213025020137313,0.4026946343536585,0.12735914037094156,0.29717448310545785,8.135707619968025E-5,4.893834633802553E-4,4.95254646863953E-5,2.122596430604647E-5,1.0000000000000036
381.0,0.17189768522845478,0.402546909270403,0.12747159609888992,0.2974368119477918,-3.3291810198151804E-5,6.094753530963314E-4,4.957059200580602E-5,2.1243319560033342E-5,1.0000000000000036
382.0,0.17191689863400803,0.40216140472516587,0.12758344954349177,0.29769787271479375,9.110995343169137E-5,4.78388341921118E-4,4.961260661117725E-5,2.1263480580185195E-5,1.0000000000000036
383.0,0.17164039247143797,0.4020591694849307,0.12769479446580081,0.2979575850832887,-6.641238626958258E-5,6.435329333461863E-4,4.965781805268616E-5,2.1280129416104152E-5,1.0000000000000036
384.0,0.171771184066765,0.40157112751215956,0.12780551683943925,0.2982160670545236,1.6310730639223885E-4,4.0199771399986386E-4,4.969812692708143E-5,2.1301379796994142E-5,1.0000000000000036
385.0,0.17128772029140696,0.40166948956994897,0.12791578916208665,0.29847316304575655,-1.923979207346994E-4,7.751751036157886E-4,4.974530503164276E-5,2.131544289175569E-5,1.0000000000000038
386.0,0.17137406139159447,0.4012273675233032,0.12802541745428234,0.2987290672968037,-6.22053028390677E-6,5.791851701813098E-4,4.978571017950598E-5,2.133598394302198E-5,1.0000000000000036
387.0,0.17130394132665952,0.400935945269013,0.12813452512415052,0.2989836709991947,3.055602005596237E-5,5.401789272895507E-4,4.982771173902403E-5,2.135462190153921E-5,1.0000000000000036
388.0,0.17151233967831356,0.40038124050026497,0.12824304262483954,0.299237049509558,3.318436914531363E-4,2.2324131967460658E-4,4.986629872662837E-5,2.1376377173412054E-5,1.0000000000000038
389.0,0.17152528821749388,0.4000143234663002,0.12835105141787334,0.2994891339753673,4.4663562491325344E-4,1.0226458426424931E-4,4.9906933421864744E-5,2.1395780369734982E-5,1.0000000000000038
390.0,0.17147296709816248,0.3997112918717414,0.12845853257181564,0.29973995134265957,4.988086687472516E-4,4.708599569605192E-5,4.9948116854536474E-5,2.14143343270316E-5,1.000000000000004
391.0,0.1712491404515242,0.39957324238368974,0.128565506422375,0.2999894910257315,3.872755164500446E-4,1.6392231260256053E-4,4.9991074131425556E-5,2.1430813499411578E-5,1.0000000000000038
392.0,0.17148768466421632,0.3989969012776894,0.12867187032199448,0.3002378598043679,7.152104154670399E-4,-1.810075198791645E-4,5.002850247830202E-5,2.1452533669530432E-5,1.0000000000000036
393.0,0.1708299650460429,0.3992752827463876,0.12877785266613564,0.3004848483748487,1.8979282112320127E-4,3.7071847195532695E-4,5.007605764305648E-5,2.1463815867389623E-5,1.0000000000000038
394.0,0.17033646088097582,0.3993991119461462,0.1288832799004694,0.3007306311227724,-1.7986459026433834E-4,7.587823194366015E-4,5.01215213484523E-5,2.147689911937016E-5,1.000000000000004
395.0,0.1705081753545677,0.3988915717142206,0.12898807141461002,0.3009752936587781,8.297550517936036E-5,4.822556650573263E-4,5.0159121824589606E-5,2.149756576611445E-5,1.0000000000000038
396.0,0.17027465205621722,0.39877141492316615,0.12909240768355368,0.30121867229771593,-4.028841517594059E-5,6.114267976528239E-4,5.02011942964815E-5,2.151346257749215E-5,1.0000000000000038
397.0,0.17033269487040373,0.3983754794889532,0.1291961755383949,0.3014608836470803,1.1339715308065644E-4,4.495969596578083E-4,5.0239710888650814E-5,2.153263154476086E-5,1.0000000000000042
398.0,0.16999237569377654,0.39836036669935515,0.12929949220319129,0.3017018243204032,-1.1247364196920813E-4,6.865849920796461E-4,5.0282622213564286E-5,2.1547110953728236E-5,1.000000000000004
399.0,0.17026098474939044,0.3977674223568796,0.12940219289572322,0.30194166011409596,2.4059920619170323E-4,3.1525382890137737E-4,5.0318322835443445E-5,2.1568525986079552E-5,1.0000000000000038
400.0,0.16994660026365102,0.39773099900956715,0.12950447822066977,0.302180207955201,3.84324877012427E-5,5.273383940596369E-4,5.0360547533298776E-5,2.158312162068342E-5,1.0000000000000036
401.0,0.17017134860531383,0.3971831521150748,0.12960616429009564,0.3024176517955832,3.487997216718721E-4,2.008832562802432E-4,5.0396367672650385E-5,2.1603848311346312E-5,1.0000000000000036
402.0,0.17036074864882417,0.39667061136702253,0.12970734909519738,0.30265390644124346,6.250497881173976E-4,-8.972182068124179E-5,5.043240361931894E-5,2.1624076660786058E-5,1.000000000000004
403.0,0.16985435472309868,0.39682191960927343,0.12980814489753958,0.30288887303290707,2.387310915690947E-4,3.158641941748807E-4,5.047626625297685E-5,2.1636185188022873E-5,1.0000000000000036
404.0,0.1695282362815568,0.3968033066530106,0.12990840865361586,0.30312269640415584,2.347908074292783E-5,5.417047801300034E-4,5.051786209315844E-5,2.165028469849797E-5,1.000000000000004
405.0,0.16959497391620051,0.3964124497220314,0.13000810754625874,0.30335541611659134,1.8157941873531489E-4,3.75249708598329E-4,5.0554742644553876E-5,2.1668828943539695E-5,1.0000000000000038
406.0,0.169102987300104,0.3965549668393229,0.1301074021715204,0.3035868870432996,-1.9245175596501818E-4,7.679296918064763E-4,5.0597873345141794E-5,2.1680836570220486E-5,1.0000000000000038
407.0,0.16920253192546572,0.39613614301052297,0.13020610389236031,0.30381729742191915,-4.074433856005228E-6,5.696645995295828E-4,5.06340014167021E-5,2.1699582645533945E-5,1.000000000000004
408.0,0.16912173707573036,0.3958905653435116,0.13030434342125038,0.30404653057328723,1.2232061603639874E-5,5.522033432536725E-4,5.0672021600266753E-5,2.1716159766787572E-5,1.000000000000004
409.0,0.1686192330099759,0.39604793919259124,0.1304021633154667,0.3042745539376991,-3.7320784627068837E-4,9.568758917361749E-4,5.071471598312309E-5,2.172778282251818E-5,1.0000000000000042
410.0,0.16836874270024527,0.3959670692908443,0.13049945407711377,0.3045014800790529,-5.19303692469915E-4,0.0011100609952347017,5.0754322575620114E-5,2.1742227407456306E-5,1.000000000000004
411.0,0.1685639339219826,0.3954636325755113,0.1305961859574451,0.3047273453864086,-2.417665726927886E-4,8.181183915787522E-4,5.078861077572804E-5,2.176172899471597E-5,1.000000000000004
412.0,0.16867757865879354,0.39503938800523325,0.13069244897266372,0.3049520718719561,-4.228353361956786E-5,6.081921650502796E-4,5.082365643285219E-5,2.1780203493618862E-5,1.0000000000000038
413.0,0.16875102387994287,0.3946549774607462,0.13078823865801129,0.3051756717072165,1.1849184800147576E-4,4.3893933354577537E-4,5.0858984038434986E-5,2.179812850123955E-5,1.0000000000000038
414.0,0.1684114698308645,0.39466518943394663,0.13088361934734635,0.3053980913437078,-1.1417966769895825E-4,6.83099619674718E-4,5.089889004724445E-5,2.1811202115624362E-5,1.0000000000000038
415.0,0.16869122550767562,0.39408755982243193,0.13097842190334064,0.3056195000836775,2.4200861322116194E-4,3.0852125077039574E-4,5.093148067212042E-5,2.1831338214485662E-5,1.000000000000004
416.0,0.16839822090868872,0.3940565828915809,0.1310728467580577,0.30583971437031704,5.273224577931741E-5,5.070875532238854E-4,5.097049232554154E-5,2.1844780030892047E-5,1.0000000000000042
417.0,0.16829323295758328,0.393848213745339,0.13116676986562475,0.3060588603801408,4.191871460794514E-5,5.181368689947444E-4,5.100715991494398E-5,2.1860307798440514E-5,1.000000000000004
418.0,0.16837263447146303,0.39346589670033316,0.13126019417439633,0.30627694301233266,2.0611876121689847E-4,3.452934740664633E-4,5.104152611992463E-5,2.1877880075443898E-5,1.0000000000000038
419.0,0.16792270757713001,0.39358887479630605,0.13135324060282172,0.30649385450408495,-1.338111159590869E-4,7.021625594957443E-4,5.1081815570876534E-5,2.1889260553726608E-5,1.000000000000004
420.0,0.16822208626421215,0.39300025476299333,0.13144569902783204,0.30670980309260254,2.38828848205802E-4,3.1030550212108937E-4,5.1113296201181546E-5,2.1909205835893302E-5,1.0000000000000042
421.0,0.16790661807193072,0.39299830323656826,0.13153779841457175,0.30692457778886145,2.5967287367476173E-5,5.336615402870308E-4,5.115168720567571E-5,2.192197321175584E-5,1.000000000000004
422.0,0.1677204090269559,0.3928748413308518,0.131629417428861,0.3071383019892477,-6.43317356553211E-5,6.282373936717445E-4,5.118841555871919E-5,2.1936150512576796E-5,1.0000000000000042
423.0,0.16786678077349454,0.39243635878735095,0.1317205245765505,0.3073510132840898,1.614067891930887E-4,3.9074056535861506E-4,5.122113936906253E-5,2.1954084597589432E-5,1.000000000000004
424.0,0.167405401139619,0.3925777693782886,0.13181127837052284,0.30756256783054625,-1.9159790321984001E-4,7.61355565973417E-4,5.126069438793877E-5,2.1964923885995524E-5,1.0000000000000042
425.0,0.16752265608748862,0.3921699731675436,0.13190148395743162,0.307773159099658,5.574321354646829E-6,5.538775947073228E-4,5.129341144656786E-5,2.198236037366598E-5,1.0000000000000042
426.0,0.16730091831959937,0.3920862756008238,0.13199129605509624,0.3079826467971932,-1.2025226268701353E-4,6.857898208022119E-4,5.132986467278738E-5,2.1995804503377357E-5,1.000000000000004
427.0,0.16759645105401114,0.3915117571302666,0.13208057463763886,0.30819117197749246,2.4571070354523694E-4,3.009591698949661E-4,5.136018869852148E-5,2.2015138456262967E-5,1.0000000000000042
428.0,0.1673473166634691,0.39145706450829654,0.13216949837766892,0.3083985714034804,9.296746777998576E-5,4.6115685161824175E-4,5.139662044575419E-5,2.202810724498281E-5,1.000000000000004
429.0,0.16708310370011986,0.39141817701246506,0.13225798150410162,0.3086049342602556,-7.454433133481089E-5,6.368739727509008E-4,5.143305861702966E-5,2.2040823028825053E-5,1.000000000000004
430.0,0.16724130947007695,0.39097871789256083,0.13234595353577278,0.30881033509955486,1.5948254486333247E-4,3.906786589735478E-4,5.146446302369724E-5,2.205833517793435E-5,1.000000000000004
431.0,0.1667876264990695,0.39112303818429367,0.13243358852132667,0.3090146149895028,-1.89155926002855E-4,7.567162720377692E-4,5.150275220928278E-5,2.2068707567277548E-5,1.0000000000000042
432.0,0.16692745373197335,0.3907039434076343,0.13252068837053035,0.3092179702352362,2.6552319232198834E-5,5.297720458976695E-4,5.153403790024765E-5,2.2085851599848426E-5,1.0000000000000042
433.0,0.16695444887265906,0.3903936577276205,0.13260737261864897,0.30942029387574344,1.3448193695594825E-4,4.160768926353381E-4,5.156645968301203E-5,2.21016160578557E-5,1.000000000000004
434.0,0.166634529185574,0.3904149523465173,0.13269368232402504,0.3096215538345779,-8.810889666461966E-5,6.496751905273853E-4,5.16027155721875E-5,2.211329987479367E-5,1.000000000000004
435.0,0.1667756432727777,0.38999888939076244,0.13277948540037426,0.30982188329727434,1.2759381509869347E-4,4.227410992122052E-4,5.1633496867268844E-5,2.213022763702703E-5,1.000000000000004
436.0,0.16644564810035284,0.3900325894029849,0.13286493886743767,0.31002113941068515,-1.0539835857813207E-4,6.672713899630932E-4,5.166954491085194E-5,2.2141642247610366E-5,1.000000000000004
437.0,0.16671055101982474,0.38950151811483075,0.13294986774095938,0.3102194962436502,2.2728706398579936E-4,3.174213927782045E-4,5.169857753593631E-5,2.2159846438906042E-5,1.000000000000004
438.0,0.1663414108650102,0.38957526116791125,0.13303447833245916,0.31041676381508915,-4.3759738904339826E-5,6.019401446466986E-4,5.173475590647452E-5,2.217065788507691E-5,1.0000000000000036
439.0,0.16643119758139704,0.38921362385876906,0.13311859115662103,0.31061312042113587,1.2149023292406559E-4,4.2802457150416815E-4,5.176548717342494E-5,2.218669047890336E-5,1.0000000000000036
440.0,0.1661012261674433,0.3892528504553007,0.13320235430868282,0.3108084315891286,-1.1308294112492108E-4,6.742217198219711E-4,5.180089669805932E-5,2.2197804053025066E-5,1.0000000000000038
441.0,0.16638933006701243,0.388705220148941,0.13328559744326943,0.31100286682041534,2.4008400371741548E-4,3.028565135304337E-4,5.1829026928715376E-5,2.221597618880536E-5,1.0000000000000036
442.0,0.16609472220178423,0.3887135242607037,0.13336852215207787,0.31119624050167116,3.837152301690652E-5,5.145282966712401E-4,5.1863714610572425E-5,2.222734946765882E-5,1.000000000000003
443.0,0.16631129587281557,0.38823668945988404,0.1334509487545736,0.31138873097793063,3.2268720594819144E-4,2.155108241808665E-4,5.1892356239524076E-5,2.224454843098098E-5,1.0000000000000033
444.0,0.16627243973832842,0.38800429880063375,0.1335330066833265,0.3115802214565981,3.6355595696782855E-4,1.7229485204609853E-4,5.192378580261525E-5,2.2258726299976876E-5,1.0000000000000033
445.0,0.16664291332915177,0.38738368887713626,0.13361458753792133,0.31177082216538665,7.935386130366612E-4,-2.7977842222827454E-4,5.195034444268959E-5,2.2277555156150224E-5,1.0000000000000033
446.0,0.16589617519700509,0.3878276740451656,0.13369594699306422,0.3119602957236514,1.60040608820798E-4,3.8559439175518993E-4,5.1989622364393765E-5,2.2283418176461127E-5,1.000000000000003
447.0,0.16544726693889739,0.38798954184446804,0.1337768519683559,0.3121488713213897,-1.9043848150186336E-4,7.53588446612408E-4,5.202531564620079E-5,2.229264613530947E-5,1.000000000000003
448.0,0.16558566798612645,0.3875937858806279,0.13385725638578438,0.31233659958813853,1.7560441685543406E-5,5.347670479345379E-4,5.2054089550154476E-5,2.2308580155587806E-5,1.0000000000000029
449.0,0.16523614931074948,0.38766370316258064,0.13393734090400727,0.31252331465966887,-2.3910615631077972E-4,8.041909734244247E-4,5.208833406324299E-5,2.2318811819742437E-5,1.0000000000000029
450.0,0.16539212659041624,0.3872538459080055,0.1340169424657043,0.3127091787771287,-1.514128853090759E-5,5.685961377947261E-4,5.21166033987366E-5,2.2334806085581507E-5,1.0000000000000029
451.0,0.1654013492900559,0.38698495935819477,0.13409617143154295,0.31289409312257027,6.880110543206126E-5,4.8013024244935394E-4,5.214641380497454E-5,2.2349035952691242E-5,1.0000000000000029
452.0,0.16521305743795933,0.38690534566508816,0.13417503821442986,0.31307805426343144,-3.557827942387453E-5,5.89543431637748E-4,5.2178350906396985E-5,2.2360915973923462E-5,1.0000000000000029
453.0,0.16527184615402063,0.386591873822935,0.13425347091400253,0.31326113731742594,9.478156700129482E-5,4.5230735458812925E-4,5.220729263986082E-5,2.237557738960615E-5,1.000000000000003
454.0,0.1650095238231975,0.38658528965976197,0.13433156589491171,0.31344325673096124,-8.078617740246686E-5,6.365238186082126E-4,5.2239786681287074E-5,2.2386463283449017E-5,1.0000000000000029
455.0,0.1651742987042902,0.38617351131173705,0.13440920079179094,0.31362453573520377,1.49685740455624E-4,3.94098295153134E-4,5.2267212605437724E-5,2.2402208766565064E-5,1.0000000000000027
456.0,0.16492883960974186,0.3861534268391798,0.13448651666742623,0.3138048460401154,-1.0572098510396814E-5,5.622305719425549E-4,5.229921921705035E-5,2.24131508901546E-5,1.0000000000000027
457.0,0.16491511906020942,0.38591405979802185,0.13456340878816042,0.3139842939804758,4.9317811329070336E-5,4.990454528919545E-4,5.232841017516691E-5,2.242669873894454E-5,1.0000000000000027
458.0,0.16486009008210442,0.385715264754356,0.13463992444148695,0.31416284072806716,6.953658521480753E-5,4.7754577487676395E-4,5.235793236385517E-5,2.2439701532563157E-5,1.0000000000000024
459.0,0.16471631099302034,0.38560218604245844,0.1347160734209346,0.3143404832178716,4.942406524631091E-6,5.451639739390703E-4,5.238833314717818E-5,2.2451612106743668E-5,1.0000000000000024
460.0,0.16451386900408205,0.38554618319308415,0.13479185262905458,0.3145172306602805,-1.1583311992879902E-4,6.718155888395922E-4,5.2419266565997446E-5,2.246277802457223E-5,1.0000000000000024
461.0,0.16481527442716265,0.3850119046731528,0.13486717049665417,0.3146931766965971,2.4247437839098815E-4,2.950753848606179E-4,5.2444251860980315E-5,2.2479691323319133E-5,1.0000000000000027
462.0,0.1645508666854127,0.38501734836945106,0.13494220663080914,0.31486815605090335,6.201996483806959E-5,4.8443667595284023E-4,5.247561480942264E-5,2.2490007826106015E-5,1.0000000000000029
463.0,0.164394197966516,0.3849214834169804,0.13501685099386584,0.31504227993406236,-1.626894621589909E-5,5.664495385634637E-4,5.2505595175000775E-5,2.2501501055435522E-5,1.0000000000000027
464.0,0.16441282875218827,0.3846600058747973,0.13509109422454235,0.3152155634126406,7.189729736183374E-5,4.735620722388546E-4,5.253341520202138E-5,2.251495103127789E-5,1.0000000000000024
465.0,0.16425981132245776,0.384563102425475,0.1351649958229309,0.3153879557821599,-3.621280897297594E-6,5.526665005087888E-4,5.256307326422944E-5,2.252635410339095E-5,1.0000000000000027
466.0,0.16419194736396295,0.3843863669018157,0.1352385149667257,0.31555950208339045,1.5394037112983865E-6,5.469989950688999E-4,5.259161108440944E-5,2.253867424329976E-5,1.0000000000000027
467.0,0.16405710385375066,0.38427457942522086,0.13531167876905043,0.3157301824703416,-5.738267785550103E-5,6.086672211260103E-4,5.2620782294763935E-5,2.2550156073711968E-5,1.0000000000000024
468.0,0.16420484387828282,0.3838950521624148,0.13538443097690972,0.31590005665477533,1.5224462303521907E-4,3.881603107242146E-4,5.264655977637845E-5,2.2564834084018093E-5,1.0000000000000024
469.0,0.16398232721478856,0.38386909212673515,0.13545688187782157,0.3160690253258229,9.20608093613745E-6,5.382157329527296E-4,5.267646650759971E-5,2.2575174437954468E-5,1.0000000000000027
470.0,0.16364015174883326,0.3839581974753357,0.13552899164371787,0.31623713245495993,-2.480375459738999E-4,8.082725379447235E-4,5.2707615680152425E-5,2.258406950502014E-5,1.0000000000000027
471.0,0.16373710894435412,0.3836305562336834,0.13560066923105366,0.31640447087833035,-8.776068136179087E-5,6.396238562046754E-4,5.273356934995951E-5,2.259796838835099E-5,1.0000000000000027
472.0,0.1638948435085913,0.3832462461184314,0.1356719792945364,0.3165709847607682,1.3001043304469934E-4,4.1056469190864755E-4,5.2758687757583786E-5,2.2612504964466437E-5,1.0000000000000027
473.0,0.16358254590813925,0.3833104367303108,0.1357430118102647,0.3167365940639547,-9.981988204386906E-5,6.518207279001815E-4,5.27890877802955E-5,2.2621553696652326E-5,1.0000000000000027
474.0,0.16369027104691047,0.38297605025952414,0.13581362066838512,0.316901444106581,6.969111938579919E-5,4.734728980469714E-4,5.281451451113428E-5,2.263538665828952E-5,1.0000000000000029
475.0,0.1635508131137263,0.38287806573494376,0.1358839184895571,0.31706543317376507,3.6584348589679516E-6,5.426220925012766E-4,5.284265643434879E-5,2.2646304216198964E-5,1.0000000000000029
476.0,0.16337868540159584,0.3828123234690205,0.1359538713877412,0.317228599388523,-9.379390004433924E-5,6.447864283709473E-4,5.287104250291311E-5,2.2656782292922303E-5,1.0000000000000029
477.0,0.16351759188806378,0.3824517120506034,0.13602342400307393,0.317391001345693,1.043908906269474E-4,4.3631332111720295E-4,5.28957130786177E-5,2.267078774596016E-5,1.0000000000000027
478.0,0.16323009214090556,0.3824980534152218,0.13609270059946427,0.3175525261284915,-1.0350470961916066E-4,6.545274492424651E-4,5.292516590781314E-5,2.2679810388598005E-5,1.0000000000000029
479.0,0.16331656961411928,0.38218961089435327,0.13616156992223927,0.3177133047297834,4.413419656736951E-5,4.991673762172232E-4,5.295017929811762E-5,2.269308742512039E-5,1.0000000000000029
480.0,0.16334857890394547,0.3819341335728632,0.13623010487840184,0.3178732732052831,1.3961753123342875E-4,3.9861054300337786E-4,5.2975690622323205E-5,2.2705674650180865E-5,1.000000000000003
481.0,0.16306367947775155,0.3819813824714168,0.13629835078461572,0.31803239392240396,-6.678111829269435E-5,6.15255193982834E-4,5.300472447399759E-5,2.2714543650797997E-5,1.0000000000000029
482.0,0.16323603730155284,0.3815945723877351,0.13636618071651657,0.3181907936553264,1.6160559570089356E-4,3.7505335287001443E-4,5.302836123965494E-5,2.2728629061430946E-5,1.0000000000000029
483.0,0.1627957381969698,0.3817919431789117,0.13643377413573715,0.318348306650123,-1.9330875858051925E-4,7.477520835488488E-4,5.3058929547865126E-5,2.273558374505147E-5,1.0000000000000027
484.0,0.16292727465596787,0.38144619883773384,0.13650093592508955,0.3185051247274892,-4.406347049826036E-6,5.49040341200743E-4,5.3082781828775736E-5,2.2749077742655323E-5,1.0000000000000029
485.0,0.16287207353517685,0.3812792736570456,0.13656779379993744,0.3186611314791154,6.486204534955479E-6,5.373723079136132E-4,5.310865930591298E-5,2.276035697295454E-5,1.0000000000000027
486.0,0.16263064132290173,0.38129068012612566,0.1366343493459609,0.31881633088249767,-1.601475653952867E-4,7.12239903559506E-4,5.3136556773825016E-5,2.2769427578781878E-5,1.0000000000000027
487.0,0.1629139073487147,0.38080381596627066,0.13670048610353883,0.31897083958308725,1.7218616740253753E-4,3.628220533481723E-4,5.3158283241524014E-5,2.2784494399109462E-5,1.0000000000000027
488.0,0.162458509323096,0.3810210272035174,0.1367664156339339,0.3191244610445519,-1.9867664437727816E-4,7.522840651865126E-4,5.3188396310003985E-5,2.279097778441503E-5,1.0000000000000027
489.0,0.162534758547392,0.3807333435568461,0.13683192851951081,0.31927740060303206,-6.395641943071693E-5,6.105093949301263E-4,5.321225955428729E-5,2.2803538167837007E-5,1.0000000000000027
490.0,0.16270495287659983,0.3803573240972155,0.13689709912139916,0.31942959265016374,1.598483356470713E-4,3.751308775009274E-4,5.323491697545182E-5,2.2817124500832046E-5,1.0000000000000027
491.0,0.16227128454762993,0.38055707240787745,0.13696204500919779,0.31958093030054346,-1.912671180338628E-4,7.438467592115871E-4,5.326440961475153E-5,2.2823683961519574E-5,1.0000000000000027
492.0,0.16242271273209938,0.3802010417258082,0.1370265702574727,0.31973160592908983,1.406530669342365E-5,5.278800723015461E-4,5.3287038410463734E-5,2.283693812722334E-5,1.0000000000000027
493.0,0.16213868322203046,0.3802604959219457,0.13709084604404656,0.31988146141850216,-1.9527190366019077E-4,7.476256244346213E-4,5.331456321419994E-5,2.2845109489287112E-5,1.0000000000000029
494.0,0.16225638967106898,0.3799386661921891,0.13715473487331797,0.3200306333089807,-2.2636839312041178E-5,5.660175955728396E-4,5.333733814424615E-5,2.2857860041096498E-5,1.0000000000000029
495.0,0.16226469461017362,0.3797220006938419,0.13721832326732275,0.32017904424956023,4.5593803261602655E-5,4.941128312644194E-4,5.3361253338250056E-5,2.2869291240058024E-5,1.0000000000000029
496.0,0.16227184212600312,0.3795074774956008,0.13728159482969973,0.32032671511710215,1.1242232513548954E-4,4.236823917282115E-4,5.33850621633701E-5,2.2880652569775128E-5,1.0000000000000027
497.0,0.16197138561619445,0.3795867389597472,0.1373446020571557,0.3204736009916831,-1.1375224764781258E-4,6.611239189127792E-4,5.341229621941493E-5,2.2888407737873133E-5,1.0000000000000029
498.0,0.16228023196070362,0.3790871527055942,0.13740719417795605,0.3206198509835137,2.395639197695764E-4,2.896707226714766E-4,5.343239112430375E-5,2.290313866961105E-5,1.0000000000000024
499.0,0.16200682781306608,0.3791427239348738,0.13746957073384877,0.32076527974020985,3.8537247884352205E-5,5.006903586687742E-4,5.345907703363511E-5,2.2911094417165504E-5,1.0000000000000024
500.0,0.16220711461279946,0.3787485000755448,0.1375315578368225,0.3209100583891616,2.879613477489788E-4,2.384030889351593E-4,5.348018754639106E-5,2.2924461443636458E-5,1.0000000000000027
501.0,0.16191594559336758,0.3788230135246158,0.137593317395538,0.3210540374543092,6.944217701351069E-5,4.6780490943151723E-4,5.3506844063128086E-5,2.2932101663581484E-5,1.0000000000000024
